,origin_userid,steamid,userid,steamid_rescrape
0,27001,STEAM_0:0:149016212,27001,
1,27002,STEAM_0:1:425213540,27002,
2,27003,STEAM_0:1:567143555,27003,
3,27004,STEAM_0:1:622560739,27004,
4,27005,STEAM_0:1:560825289,27005,
5,27006,STEAM_0:0:48453463,27006,
6,27007,STEAM_0:0:741642992,27007,
7,27008,STEAM_0:0:361166,27008,
8,27009,STEAM_0:1:643236519,27009,
9,27010,STEAM_0:1:604112406,27010,
10,27011,STEAM_0:1:616381314,27011,
11,27012,STEAM_0:0:546596159,27012,
12,27013,STEAM_0:1:681246069,27013,
13,27014,STEAM_0:1:3344307,27014,
14,27015,STEAM_0:1:50249338,27015,
15,27016,STEAM_0:1:15888474,27016,
16,27017,STEAM_0:1:25925451,27017,
17,27018,STEAM_0:0:48259130,27018,
18,27019,STEAM_0:0:602391172,27019,
19,27020,STEAM_0:0:919125525,27020,
20,27021,STEAM_0:0:614106802,27021,
21,27022,STEAM_0:1:172987288,27022,
22,27023,STEAM_0:0:923835761,27023,
23,27024,STEAM_0:0:648734492,27024,
24,27025,STEAM_0:1:533930983,27025,
25,27026,STEAM_0:1:587634938,27026,
26,27027,STEAM_0:1:738006780,27027,
27,27028,STEAM_0:1:921318341,27028,
28,27029,STEAM_0:1:459112957,27029,
29,27030,STEAM_0:0:521805295,27030,
30,27031,STEAM_0:0:89370902,27031,
31,27032,STEAM_0:0:200670632,27032,
32,27033,STEAM_0:0:85507869,27033,
33,27034,STEAM_0:1:219057861,27034,
34,27035,STEAM_0:0:229754968,27035,
35,27036,STEAM_0:1:899981382,27036,
36,27037,STEAM_0:1:205324906,27037,
37,27038,STEAM_0:1:174680689,27038,
38,27039,STEAM_0:0:650175057,27039,
39,27040,STEAM_0:1:436662471,27040,
40,27041,STEAM_0:0:25677167,27041,
41,27042,STEAM_0:1:98660566,27042,
42,27043,STEAM_0:1:792332037,27043,
43,27044,STEAM_0:1:609403752,27044,
44,27045,STEAM_0:0:198191065,27045,
45,27046,STEAM_0:0:233338990,27046,
46,27047,STEAM_0:1:757741630,27047,
47,27048,STEAM_0:1:451238826,27048,
48,27049,STEAM_0:1:782323729,27049,
49,27050,STEAM_0:1:884468367,27050,
50,27051,STEAM_0:0:921965223,27051,
51,27052,STEAM_0:1:96604003,27052,
52,27053,STEAM_0:1:188943146,27053,
53,27054,STEAM_0:0:782884772,27054,
54,27055,STEAM_0:0:920515845,27055,
55,27056,STEAM_0:0:921378826,27056,
56,27057,STEAM_0:1:62918912,27057,
57,27058,STEAM_0:1:30902235,27058,
58,27059,STEAM_0:0:709981705,27059,
59,27060,STEAM_0:1:678104827,27060,
60,27061,STEAM_0:1:471125583,27061,
61,27062,STEAM_0:0:607332149,27062,
62,27063,STEAM_0:1:823003024,27063,
63,27064,STEAM_0:1:3911695,27064,
64,27065,STEAM_0:1:112198340,27065,
65,27066,STEAM_0:0:922714221,27066,
66,27067,STEAM_0:1:923609344,27067,
67,27068,STEAM_0:0:922314779,27068,
68,27069,STEAM_0:0:144509093,27069,
69,27070,STEAM_0:1:582243537,27070,
70,27071,STEAM_0:1:2542579,27071,
71,27072,STEAM_0:1:752777002,27072,
72,27073,STEAM_0:0:76681450,27073,
73,27074,STEAM_0:1:215889463,27074,
74,27075,STEAM_0:0:511140852,27075,
75,27076,STEAM_0:0:220516346,27076,
76,27077,STEAM_0:1:860541208,27077,
77,27078,STEAM_0:0:244782467,27078,
78,27079,STEAM_0:1:713350222,27079,
79,27080,STEAM_0:1:806287169,27080,
80,27081,STEAM_0:1:171755631,27081,
81,27082,STEAM_0:0:73614847,27082,
82,27083,STEAM_0:0:569721832,27083,
83,27084,STEAM_0:0:522834286,27084,
84,27085,STEAM_0:1:477109662,27085,
85,27086,STEAM_0:1:3841535,27086,
86,27087,STEAM_0:1:148347250,27087,
87,27088,STEAM_0:1:440207218,27088,
88,27089,STEAM_0:0:199246245,27089,
89,27090,STEAM_0:0:183110395,27090,
90,27091,STEAM_0:1:99772294,27091,
91,27092,STEAM_0:1:573727238,27092,
92,27093,STEAM_0:0:533978852,27093,
93,27094,STEAM_0:0:532403779,27094,
94,27095,STEAM_0:0:204300045,27095,
95,27096,STEAM_0:0:707902440,27096,
96,27097,STEAM_0:1:540264111,27097,
97,27098,STEAM_0:1:721434955,27098,
98,27099,STEAM_0:1:786702500,27099,
99,27100,STEAM_0:1:915325049,27100,
100,27101,STEAM_0:1:10638278,27101,
101,27102,STEAM_0:0:603335101,27102,
102,27103,STEAM_0:1:601020177,27103,
103,27104,STEAM_0:1:69772713,27104,
104,27105,STEAM_0:0:478564939,27105,
105,27106,STEAM_0:0:525547099,27106,
106,27107,STEAM_0:1:853271481,27107,
107,27108,STEAM_0:0:208660740,27108,
108,27109,STEAM_0:0:207270728,27109,
109,27110,STEAM_0:0:641249050,27110,
110,27111,STEAM_0:0:522188265,27111,
111,27112,STEAM_0:1:649817399,27112,
112,27113,STEAM_0:1:42333509,27113,
113,27114,STEAM_0:0:567545877,27114,
114,27115,STEAM_0:0:526952415,27115,
115,27116,STEAM_0:0:578747427,27116,
116,27117,STEAM_0:1:178656410,27117,
117,27118,STEAM_0:0:236717593,27118,
118,27119,STEAM_0:0:658689915,27119,
119,27120,STEAM_0:0:234826828,27120,
120,27121,STEAM_0:1:618164976,27121,
121,27122,STEAM_0:1:234532314,27122,
122,27123,STEAM_0:1:106295867,27123,
123,27124,STEAM_0:0:222903819,27124,
124,27125,STEAM_0:0:78770610,27125,
125,27126,STEAM_0:0:547881163,27126,
126,27127,STEAM_0:1:160966570,27127,
127,27128,STEAM_0:1:92052245,27128,
128,27129,STEAM_0:1:149207116,27129,
129,27130,STEAM_0:1:246911179,27130,
130,27131,STEAM_0:0:194591494,27131,
131,27132,STEAM_0:0:821895382,27132,
132,27133,STEAM_0:1:193088933,27133,
133,27134,STEAM_0:1:924889067,27134,
134,27135,STEAM_0:0:157989289,27135,
135,27136,STEAM_0:1:55022426,27136,
136,27137,STEAM_0:0:210774740,27137,
137,27138,STEAM_0:0:758062608,27138,
138,27139,STEAM_0:1:207349249,27139,
139,27140,STEAM_0:1:836034097,27140,
140,27141,STEAM_0:0:844115727,27141,
141,27142,STEAM_0:1:7498959,27142,
142,27143,STEAM_0:0:246083703,27143,
143,27144,STEAM_0:0:200771711,27144,
144,27145,STEAM_0:1:224922094,27145,
145,27146,STEAM_0:0:176544200,27146,
146,27147,STEAM_0:0:198616425,27147,
147,27148,STEAM_0:0:768662116,27148,
148,27149,STEAM_0:0:924523447,27149,
149,27150,STEAM_0:0:612155830,27150,
150,27151,STEAM_0:0:541221514,27151,
151,27152,STEAM_0:0:611221441,27152,
152,27153,STEAM_0:0:915161219,27153,
153,27154,STEAM_0:0:780022800,27154,
154,27155,STEAM_0:1:91846846,27155,
155,27156,STEAM_0:0:798747230,27156,
156,27157,STEAM_0:0:838467407,27157,
157,27158,STEAM_0:0:63377821,27158,
158,27159,STEAM_0:1:705410575,27159,
159,27160,STEAM_0:1:523354288,27160,
160,27161,STEAM_0:1:217076283,27161,
161,27162,STEAM_0:0:695190229,27162,
162,27163,STEAM_0:0:637490588,27163,
163,27164,STEAM_0:1:444547588,27164,
164,27165,STEAM_0:0:631232717,27165,
165,27166,STEAM_0:0:116597545,27166,
166,27167,STEAM_0:1:76796108,27167,
167,27168,STEAM_0:0:736770558,27168,
168,27169,STEAM_0:0:923148935,27169,
169,27170,STEAM_0:1:222861804,27170,
170,27171,STEAM_0:1:73631032,27171,
171,27172,STEAM_0:0:541544199,27172,
172,27173,STEAM_0:1:607163243,27173,
173,27174,STEAM_0:0:920284073,27174,
174,27175,STEAM_0:0:241599755,27175,
175,27176,STEAM_0:1:769898534,27176,
176,27177,STEAM_0:1:620401846,27177,
177,27178,STEAM_0:1:546875567,27178,
178,27179,STEAM_0:1:832140433,27179,
179,27180,STEAM_0:0:924771342,27180,
180,27181,STEAM_0:0:164663834,27181,
181,27182,STEAM_0:0:27230237,27182,
182,27183,STEAM_0:1:552454810,27183,
183,27184,STEAM_0:1:436833604,27184,
184,27185,STEAM_0:0:558104103,27185,
185,27186,STEAM_0:1:509194297,27186,
186,27187,STEAM_0:0:922252755,27187,
187,27188,STEAM_0:1:148367651,27188,
188,27189,STEAM_0:1:514120547,27189,
189,27190,STEAM_0:0:895772986,27190,
190,27191,STEAM_0:0:786804604,27191,
191,27192,STEAM_0:1:804424534,27192,
192,27193,STEAM_0:1:781116356,27193,
193,27194,STEAM_0:1:151433602,27194,
194,27195,STEAM_0:0:74263377,27195,
195,27196,STEAM_0:1:512222536,27196,
196,27197,STEAM_0:1:623901093,27197,
197,27198,STEAM_0:0:836323649,27198,
198,27199,STEAM_0:1:189880457,27199,
199,27200,STEAM_0:1:582210669,27200,
200,27201,STEAM_0:0:104220715,27201,
201,27202,STEAM_0:1:197661903,27202,
202,27203,STEAM_0:0:95523653,27203,
203,27204,STEAM_0:0:752829121,27204,
204,27205,STEAM_0:0:69958461,27205,
205,27206,STEAM_0:1:485437080,27206,
206,27207,STEAM_0:1:614520987,27207,
207,27208,STEAM_0:0:829716048,27208,
208,27209,STEAM_0:1:907491449,27209,
209,27210,STEAM_0:0:229788850,27210,
210,27211,STEAM_0:0:8927659,27211,
211,27212,STEAM_0:1:816804945,27212,
212,27213,STEAM_0:1:842436414,27213,
213,27214,STEAM_0:0:598877090,27214,
214,27215,STEAM_0:1:569554361,27215,
215,27216,STEAM_0:0:436286569,27216,
216,27217,STEAM_0:0:532045035,27217,
217,27218,STEAM_0:0:585212947,27218,
218,27219,STEAM_0:0:640690508,27219,
219,27220,STEAM_0:1:782923715,27220,
220,27221,STEAM_0:1:229993263,27221,
221,27222,STEAM_0:0:862565048,27222,
222,27223,STEAM_0:1:429256483,27223,
223,27224,STEAM_0:0:502923795,27224,
224,27225,STEAM_0:1:780795150,27225,
225,27226,STEAM_0:1:582620225,27226,
226,27227,STEAM_0:1:163991771,27227,STEAM_0:1:163991771
227,27228,STEAM_0:1:634711632,27228,
228,27229,STEAM_0:1:557593482,27229,
229,27230,STEAM_0:0:144339625,27230,
230,27231,STEAM_0:0:16003843,27231,
231,27232,STEAM_0:1:54921167,27232,
232,27233,STEAM_0:1:452040183,27233,
233,27234,STEAM_0:1:5460855,27234,
234,27235,STEAM_0:1:924833099,27235,
235,27236,STEAM_0:1:70364999,27236,
236,27237,STEAM_0:0:667246403,27237,
237,27238,STEAM_0:0:231372777,27238,
238,27239,STEAM_0:1:85165994,27239,
239,27240,STEAM_0:1:230749151,27240,
240,27241,STEAM_0:0:88024540,27241,
241,27242,STEAM_0:0:743588283,27242,
242,27243,STEAM_0:1:231935884,27243,
243,27244,STEAM_0:0:526003549,27244,
244,27245,STEAM_0:1:557579265,27245,
245,27246,STEAM_0:1:27281129,27246,
246,27247,STEAM_0:0:895127033,27247,
247,27248,STEAM_0:1:506772455,27248,
248,27249,STEAM_0:0:114204751,27249,STEAM_0:0:114204751
249,27250,STEAM_0:0:925188987,27250,
250,27251,STEAM_0:0:118957681,27251,
251,27252,STEAM_0:1:733594012,27252,
252,27253,STEAM_0:1:763564044,27253,
253,27254,STEAM_0:0:851551353,27254,
254,27255,STEAM_0:1:705095897,27255,
255,27256,STEAM_0:1:845393042,27256,
256,27257,STEAM_0:1:194387094,27257,
257,27258,STEAM_0:1:579362488,27258,
258,27259,STEAM_0:1:456132828,27259,
259,27260,STEAM_0:1:92453501,27260,
260,27261,STEAM_0:0:650348618,27261,
261,27262,STEAM_0:1:837844510,27262,
262,27263,STEAM_0:1:837093940,27263,
263,27264,STEAM_0:0:870534085,27264,
264,27265,STEAM_0:1:167195155,27265,
265,27266,STEAM_0:0:895091336,27266,
266,27267,STEAM_0:0:728144368,27267,
267,27268,STEAM_0:0:534941668,27268,
268,27269,STEAM_0:0:780914403,27269,
269,27270,STEAM_0:0:238537773,27270,
270,27271,STEAM_0:1:83004223,27271,
271,27272,STEAM_0:0:51531308,27272,
272,27273,STEAM_0:1:718004257,27273,
273,27274,STEAM_0:0:793077659,27274,
274,27275,STEAM_0:0:222001105,27275,
275,27276,STEAM_0:1:203159808,27276,
276,27277,STEAM_0:0:49423757,27277,
277,27278,STEAM_0:0:512223095,27278,
278,27279,STEAM_0:1:607881046,27279,
279,27280,STEAM_0:1:87808478,27280,
280,27281,STEAM_0:0:25456281,27281,
281,27282,STEAM_0:0:105839513,27282,
282,27283,STEAM_0:0:198497376,27283,
283,27284,STEAM_0:0:66517377,27284,
284,27285,STEAM_0:0:138343942,27285,
285,27286,STEAM_0:1:214622102,27286,
286,27287,STEAM_0:1:430045322,27287,
287,27288,STEAM_0:1:925138427,27288,
288,27289,STEAM_0:0:519589722,27289,
289,27290,STEAM_0:0:781506741,27290,
290,27291,STEAM_0:1:835754115,27291,
291,27292,STEAM_0:1:548266768,27292,
292,27293,STEAM_0:1:925233863,27293,
293,27294,STEAM_0:1:69162860,27294,STEAM_0:1:69162860
294,27295,STEAM_0:1:557269458,27295,
295,27296,STEAM_0:0:138734668,27296,
296,27297,STEAM_0:1:859361837,27297,
297,27298,STEAM_0:1:225290004,27298,
298,27299,STEAM_0:0:157892345,27299,
299,27300,STEAM_0:0:885731200,27300,
300,27301,STEAM_0:1:167613964,27301,
301,27302,STEAM_0:1:208455160,27302,
302,27303,STEAM_0:0:784771021,27303,
303,27304,STEAM_0:1:846874063,27304,
304,27305,STEAM_0:0:243625440,27305,
305,27306,STEAM_0:1:425928225,27306,
306,27307,STEAM_0:1:530449627,27307,
307,27308,STEAM_0:1:537570370,27308,
308,27309,STEAM_0:1:517676363,27309,
309,27310,STEAM_0:0:807044348,27310,
310,27311,STEAM_0:0:778267538,27311,STEAM_0:0:778267538
311,27312,STEAM_0:1:653967714,27312,
312,27313,STEAM_0:1:715262674,27313,
313,27314,STEAM_0:0:238361182,27314,
314,27315,STEAM_0:0:601090364,27315,
315,27316,STEAM_0:1:43770574,27316,
316,27317,STEAM_0:0:598732211,27317,STEAM_0:0:598732211
317,27318,STEAM_0:1:577591172,27318,
318,27319,STEAM_0:1:593205487,27319,
319,27320,STEAM_0:1:858296476,27320,
320,27321,STEAM_0:1:650746775,27321,
321,27322,STEAM_0:1:925518393,27322,
322,27323,STEAM_0:0:501634253,27323,
323,27324,STEAM_0:0:916902420,27324,
324,27325,STEAM_0:1:445752748,27325,
325,27326,STEAM_0:0:918951448,27326,
326,27327,STEAM_0:1:877773204,27327,
327,27328,STEAM_0:0:235004490,27328,
328,27329,STEAM_0:0:58381661,27329,
329,27330,STEAM_0:1:488634425,27330,
330,27331,STEAM_0:1:87644508,27331,
331,27332,STEAM_0:1:228208627,27332,
332,27333,STEAM_0:1:797683219,27333,
333,27334,STEAM_0:1:433093375,27334,
334,27335,STEAM_0:0:71923111,27335,
335,27336,STEAM_0:1:613023164,27336,
336,27337,STEAM_0:1:522891441,27337,
337,27338,STEAM_0:0:428832181,27338,
338,27339,STEAM_0:0:898168092,27339,
339,27340,STEAM_0:1:614263123,27340,
340,27341,STEAM_0:0:33259533,27341,
341,27342,STEAM_0:1:209565735,27342,
342,27343,STEAM_0:0:502010504,27343,
343,27344,STEAM_0:1:70342930,27344,
344,27345,STEAM_0:1:60882567,27345,
345,27346,STEAM_0:1:714666627,27346,
346,27347,STEAM_0:1:100253503,27347,
347,27348,STEAM_0:0:742718591,27348,
348,27349,STEAM_0:0:523931182,27349,
349,27350,STEAM_0:1:249707296,27350,
350,27351,STEAM_0:0:142061523,27351,
351,27352,STEAM_0:0:628903586,27352,
352,27353,STEAM_0:1:876011604,27353,
353,27354,STEAM_0:1:76390009,27354,
354,27355,STEAM_0:0:520846937,27355,
355,27356,STEAM_0:1:180837676,27356,
356,27357,STEAM_0:1:204478506,27357,
357,27358,STEAM_0:1:206767001,27358,
358,27359,STEAM_0:1:821908486,27359,
359,27360,STEAM_0:0:207376372,27360,
360,27361,STEAM_0:0:532276712,27361,
361,27362,STEAM_0:0:582393253,27362,
362,27363,STEAM_0:0:811603134,27363,
363,27364,STEAM_0:0:921912382,27364,
364,27365,STEAM_0:0:476575351,27365,
365,27366,STEAM_0:1:473014995,27366,
366,27367,STEAM_0:0:563347754,27367,
367,27368,STEAM_0:0:561510681,27368,
368,27369,STEAM_0:1:230762140,27369,
369,27370,STEAM_0:0:241039545,27370,
370,27371,STEAM_0:0:167412104,27371,
371,27372,STEAM_0:0:510834951,27372,
372,27373,STEAM_0:0:558701627,27373,
373,27374,STEAM_0:0:443487848,27374,
374,27375,STEAM_0:1:467932828,27375,
375,27376,STEAM_0:1:65335318,27376,
376,27377,STEAM_0:0:53653301,27377,STEAM_0:0:53653301
377,27378,STEAM_0:0:714817039,27378,
378,27379,STEAM_0:1:502231704,27379,
379,27380,STEAM_0:1:602722186,27380,
380,27381,STEAM_0:0:198368095,27381,
381,27382,STEAM_0:1:75189225,27382,
382,27383,STEAM_0:0:439718054,27383,
383,27384,STEAM_0:0:559074213,27384,
384,27385,STEAM_0:0:812206870,27385,
385,27386,STEAM_0:1:201365615,27386,
386,27387,STEAM_0:0:522953724,27387,
387,27388,STEAM_0:1:247186616,27388,
388,27389,STEAM_0:0:238727924,27389,
389,27390,STEAM_0:0:571542265,27390,
390,27391,STEAM_0:0:903505191,27391,
391,27392,STEAM_0:0:798189095,27392,
392,27393,STEAM_0:0:75046229,27393,
393,27394,STEAM_0:0:182581062,27394,
394,27395,STEAM_0:0:755412830,27395,
395,27396,STEAM_0:0:86741914,27396,
396,27397,STEAM_0:0:443870268,27397,
397,27398,STEAM_0:0:754164846,27398,
398,27399,STEAM_0:1:560165898,27399,
399,27400,STEAM_0:1:3901907,27400,
400,27401,STEAM_0:0:523061728,27401,
401,27402,STEAM_0:1:675001058,27402,
402,27403,STEAM_0:0:870320517,27403,
403,27404,STEAM_0:0:792481165,27404,
404,27405,STEAM_0:0:57642082,27405,
405,27406,STEAM_0:0:215479138,27406,
406,27407,STEAM_0:1:776506629,27407,
407,27408,STEAM_0:0:919730491,27408,
408,27409,STEAM_0:1:194051994,27409,
409,27410,STEAM_0:0:556706084,27410,
410,27411,STEAM_0:0:120421461,27411,
411,27412,STEAM_0:0:83057624,27412,
412,27413,STEAM_0:1:920772911,27413,
413,27414,STEAM_0:1:823109709,27414,
414,27415,STEAM_0:0:783605515,27415,
415,27416,STEAM_0:0:721675473,27416,
416,27417,STEAM_0:1:1752706,27417,
417,27418,STEAM_0:1:219881312,27418,
418,27419,STEAM_0:1:561897176,27419,
419,27420,STEAM_0:0:671535127,27420,
420,27421,STEAM_0:0:678148847,27421,
421,27422,STEAM_0:0:169010264,27422,
422,27423,STEAM_0:1:563379229,27423,
423,27424,STEAM_0:0:925719060,27424,
424,27425,STEAM_0:0:147771279,27425,
425,27426,STEAM_0:1:507668611,27426,
426,27427,STEAM_0:0:534986856,27427,
427,27428,STEAM_0:0:427857243,27428,
428,27429,STEAM_0:1:535382688,27429,
429,27430,STEAM_0:1:657893985,27430,
430,27431,STEAM_0:0:90801422,27431,
431,27432,STEAM_0:1:454279413,27432,
432,27433,STEAM_0:1:215719191,27433,
433,27434,STEAM_0:0:8452330,27434,
434,27435,STEAM_0:0:777235354,27435,
435,27436,STEAM_0:0:509613990,27436,
436,27437,STEAM_0:0:925863545,27437,
437,27438,STEAM_0:0:166818501,27438,
438,27439,STEAM_0:0:231115061,27439,
439,27440,STEAM_0:0:521388023,27440,
440,27441,STEAM_0:1:243435045,27441,
441,27442,STEAM_0:1:62555600,27442,
442,27443,STEAM_0:1:50308031,27443,
443,27444,STEAM_0:1:230857281,27444,
444,27445,STEAM_0:0:430936681,27445,
445,27446,STEAM_0:1:237368211,27446,
446,27447,STEAM_0:0:780248536,27447,
447,27448,STEAM_0:0:553878013,27448,
448,27449,STEAM_0:0:582971611,27449,
449,27450,STEAM_0:1:154648057,27450,
450,27451,STEAM_0:0:159714048,27451,
451,27452,STEAM_0:0:594036629,27452,
452,27453,STEAM_0:1:85793918,27453,
453,27454,STEAM_0:0:587482225,27454,
454,27455,STEAM_0:1:535020924,27455,
455,27456,STEAM_0:1:804805771,27456,
456,27457,STEAM_0:0:828823737,27457,
457,27458,STEAM_0:0:208513702,27458,
458,27459,STEAM_0:1:520924235,27459,
459,27460,STEAM_0:0:180050972,27460,
460,27461,STEAM_0:0:193869927,27461,
461,27462,STEAM_0:0:196792872,27462,
462,27463,STEAM_0:1:26143793,27463,
463,27464,STEAM_0:0:437214411,27464,
464,27465,STEAM_0:1:565656783,27465,
465,27466,STEAM_0:0:628787500,27466,
466,27467,STEAM_0:1:53100760,27467,
467,27468,STEAM_0:1:772265100,27468,
468,27469,STEAM_0:1:70924328,27469,
469,27470,STEAM_0:1:627385331,27470,
470,27471,STEAM_0:1:664477529,27471,
471,27472,STEAM_0:1:106505478,27472,
472,27473,STEAM_0:0:24044557,27473,
473,27474,STEAM_0:0:37566507,27474,
474,27475,STEAM_0:1:551576008,27475,
475,27476,STEAM_0:0:554433832,27476,
476,27477,STEAM_0:0:230801144,27477,
477,27478,STEAM_0:0:437947934,27478,
478,27479,STEAM_0:1:78182556,27479,STEAM_0:1:78182556
479,27480,STEAM_0:0:508548863,27480,
480,27481,STEAM_0:1:24418339,27481,
481,27482,STEAM_0:1:677963006,27482,
482,27483,STEAM_0:0:425975129,27483,
483,27484,STEAM_0:0:622687136,27484,
484,27485,STEAM_0:0:607275465,27485,
485,27486,STEAM_0:1:601333067,27486,
486,27487,STEAM_0:0:926441482,27487,
487,27488,STEAM_0:1:556001285,27488,
488,27489,STEAM_0:1:720651465,27489,
489,27490,STEAM_0:1:611434476,27490,
490,27491,STEAM_0:1:61044044,27491,
491,27492,STEAM_0:0:530962809,27492,
492,27493,STEAM_0:0:793086172,27493,
493,27494,STEAM_0:1:180729320,27494,
494,27495,STEAM_0:0:227612015,27495,
495,27496,STEAM_0:1:70965255,27496,
496,27497,STEAM_0:1:846392852,27497,
497,27498,STEAM_0:1:902536851,27498,
498,27499,STEAM_0:0:913861223,27499,
499,27500,STEAM_0:1:242526038,27500,
500,27501,STEAM_0:0:857823761,27501,
501,27502,STEAM_0:0:920202414,27502,
502,27503,STEAM_0:0:921868330,27503,
503,27504,STEAM_0:1:901283949,27504,
504,27505,STEAM_0:1:778382501,27505,
505,27506,STEAM_0:1:596632392,27506,
506,27507,STEAM_0:1:530617331,27507,
507,27508,STEAM_0:1:536280737,27508,
508,27509,STEAM_0:1:91355698,27509,
509,27510,STEAM_0:0:540394110,27510,
510,27511,STEAM_0:1:900394697,27511,
511,27512,STEAM_0:1:837830172,27512,
512,27513,STEAM_0:0:518748523,27513,
513,27514,STEAM_0:1:700483256,27514,
514,27515,STEAM_0:0:903443494,27515,
515,27516,STEAM_0:1:649323898,27516,
516,27517,STEAM_0:0:785436055,27517,
517,27518,STEAM_0:1:768873065,27518,
518,27519,STEAM_0:0:427210760,27519,STEAM_0:0:427210760
519,27520,STEAM_0:1:884172092,27520,
520,27521,STEAM_0:1:503921390,27521,
521,27522,STEAM_0:1:782916193,27522,
522,27523,STEAM_0:0:30219678,27523,
523,27524,STEAM_0:0:180118957,27524,
524,27525,STEAM_0:1:610538157,27525,
525,27526,STEAM_0:1:792239012,27526,
526,27527,STEAM_0:0:692109896,27527,
527,27528,STEAM_0:1:557270168,27528,
528,27529,STEAM_0:1:81962996,27529,
529,27530,STEAM_0:0:61687146,27530,
530,27531,STEAM_0:0:426128357,27531,
531,27532,STEAM_0:1:664484644,27532,
532,27533,STEAM_0:0:903538684,27533,
533,27534,STEAM_0:0:762037155,27534,
534,27535,STEAM_0:0:452465916,27535,
535,27536,STEAM_0:1:59272388,27536,
536,27537,STEAM_0:0:102754073,27537,
537,27538,STEAM_0:1:631235487,27538,
538,27539,STEAM_0:1:713462564,27539,
539,27540,STEAM_0:0:869491203,27540,
540,27541,STEAM_0:0:620318212,27541,
541,27542,STEAM_0:0:530444426,27542,
542,27543,STEAM_0:0:158613706,27543,
543,27544,STEAM_0:1:870199589,27544,
544,27545,STEAM_0:1:461167169,27545,
545,27546,STEAM_0:1:202532985,27546,
546,27547,STEAM_0:0:144855032,27547,
547,27548,STEAM_0:0:606486114,27548,
548,27549,STEAM_0:1:502308200,27549,
549,27550,STEAM_0:0:203134659,27550,
550,27551,STEAM_0:1:70635570,27551,
551,27552,STEAM_0:1:230866193,27552,
552,27553,STEAM_0:1:162286853,27553,
553,27554,STEAM_0:0:845552952,27554,
554,27555,STEAM_0:0:630380550,27555,
555,27556,STEAM_0:1:470895499,27556,
556,27557,STEAM_0:1:510530047,27557,
557,27558,STEAM_0:1:201066327,27558,
558,27559,STEAM_0:1:911020384,27559,
559,27560,STEAM_0:0:925934581,27560,
560,27561,STEAM_0:0:26887302,27561,
561,27562,STEAM_0:0:613654669,27562,
562,27563,STEAM_0:1:920715049,27563,
563,27564,STEAM_0:0:504910912,27564,
564,27565,STEAM_0:1:559532978,27565,
565,27566,STEAM_0:1:702657274,27566,
566,27567,STEAM_0:1:587263578,27567,
567,27568,STEAM_0:0:203612932,27568,
568,27569,STEAM_0:0:829455511,27569,
569,27570,STEAM_0:0:821704388,27570,
570,27571,STEAM_0:0:533094293,27571,
571,27572,STEAM_0:1:580254106,27572,
572,27573,STEAM_0:1:562433820,27573,
573,27574,STEAM_0:1:510210179,27574,
574,27575,STEAM_0:0:511985239,27575,
575,27576,STEAM_0:1:231836085,27576,
576,27577,STEAM_0:0:233498480,27577,
577,27578,STEAM_0:0:145936729,27578,
578,27579,STEAM_0:1:623952632,27579,
579,27580,STEAM_0:1:39801592,27580,
580,27581,STEAM_0:0:618056756,27581,
581,27582,STEAM_0:0:596742215,27582,
582,27583,STEAM_0:0:592432655,27583,
583,27584,STEAM_0:1:434428978,27584,
584,27585,STEAM_0:1:201348931,27585,
585,27586,STEAM_0:1:125566487,27586,
586,27587,STEAM_0:0:500389684,27587,
587,27588,STEAM_0:1:445504368,27588,
588,27589,STEAM_0:0:613145961,27589,
589,27590,STEAM_0:0:48700897,27590,
590,27591,STEAM_0:1:82667391,27591,
591,27592,STEAM_0:0:2499423,27592,
592,27593,STEAM_0:0:563873637,27593,
593,27594,STEAM_0:1:219025226,27594,
594,27595,STEAM_0:0:90996591,27595,
595,27596,STEAM_0:1:845576256,27596,
596,27597,STEAM_0:0:87194180,27597,
597,27598,STEAM_0:0:555604424,27598,
598,27599,STEAM_0:1:42999744,27599,
599,27600,STEAM_0:1:95873290,27600,
600,27601,STEAM_0:0:201885770,27601,
601,27602,STEAM_0:1:543460322,27602,
602,27603,STEAM_0:0:155676874,27603,
603,27604,STEAM_0:0:902735561,27604,
604,27605,STEAM_0:0:821984531,27605,
605,27606,STEAM_0:0:914771866,27606,
606,27607,STEAM_0:1:430475365,27607,
607,27608,STEAM_0:0:136080568,27608,
608,27609,STEAM_0:1:243835636,27609,
609,27610,STEAM_0:1:837453949,27610,
610,27611,STEAM_0:0:519795418,27611,
611,27612,STEAM_0:1:884552030,27612,
612,27613,STEAM_0:0:800399170,27613,
613,27614,STEAM_0:0:648636971,27614,
614,27615,STEAM_0:1:742533890,27615,
615,27616,STEAM_0:1:96911091,27616,
616,27617,STEAM_0:1:487491204,27617,
617,27618,STEAM_0:1:501607780,27618,
618,27619,STEAM_0:1:881806245,27619,
619,27620,STEAM_0:0:926708006,27620,
620,27621,STEAM_0:1:898906273,27621,
621,27622,STEAM_0:0:5133913,27622,
622,27623,STEAM_0:0:536339920,27623,
623,27624,STEAM_0:0:224761282,27624,
624,27625,STEAM_0:1:777201902,27625,
625,27626,STEAM_0:1:729676528,27626,
626,27627,STEAM_0:1:243292751,27627,
627,27628,STEAM_0:1:926499878,27628,
628,27629,STEAM_0:1:203040673,27629,
629,27630,STEAM_0:1:768333299,27630,
630,27631,STEAM_0:0:134408088,27631,
631,27632,STEAM_0:1:211548792,27632,
632,27633,STEAM_0:1:215407070,27633,
633,27634,STEAM_0:1:69729881,27634,
634,27635,STEAM_0:1:534121956,27635,
635,27636,STEAM_0:0:567037482,27636,
636,27637,STEAM_0:0:920296522,27637,
637,27638,STEAM_0:0:560391885,27638,
638,27639,STEAM_0:1:607474735,27639,
639,27640,STEAM_0:1:485422615,27640,
640,27641,STEAM_0:0:160801682,27641,
641,27642,STEAM_0:1:509494555,27642,
642,27643,STEAM_0:0:451631495,27643,
643,27644,STEAM_0:0:178504567,27644,
644,27645,STEAM_0:0:923505076,27645,
645,27646,STEAM_0:1:920741334,27646,
646,27647,STEAM_0:1:167980959,27647,
647,27648,STEAM_0:0:727103673,27648,
648,27649,STEAM_0:0:622869336,27649,
649,27650,STEAM_0:0:638766180,27650,
650,27651,STEAM_0:1:780957606,27651,
651,27652,STEAM_0:1:895841558,27652,
652,27653,STEAM_0:0:707700638,27653,
653,27654,STEAM_0:0:199862858,27654,
654,27655,STEAM_0:0:754087845,27655,
655,27656,STEAM_0:1:926435187,27656,
656,27657,STEAM_0:1:534995280,27657,
657,27658,STEAM_0:1:613424962,27658,
658,27659,STEAM_0:0:112980303,27659,
659,27660,STEAM_0:1:88355266,27660,
660,27661,STEAM_0:1:631558045,27661,
661,27662,STEAM_0:1:784588408,27662,
662,27663,STEAM_0:0:743111045,27663,
663,27664,STEAM_0:1:193228581,27664,
664,27665,STEAM_0:0:400685,27665,
665,27666,STEAM_0:1:524174470,27666,
666,27667,STEAM_0:0:140234266,27667,
667,27668,STEAM_0:1:532971376,27668,
668,27669,STEAM_0:1:901056554,27669,
669,27670,STEAM_0:0:207002927,27670,
670,27671,STEAM_0:0:18069317,27671,
671,27672,STEAM_0:0:87539954,27672,
672,27673,STEAM_0:1:612847398,27673,
673,27674,STEAM_0:0:622029144,27674,
674,27675,STEAM_0:1:465933591,27675,
675,27676,STEAM_0:1:429719846,27676,
676,27677,STEAM_0:1:832428685,27677,
677,27678,STEAM_0:1:438098623,27678,
678,27679,STEAM_0:1:187583185,27679,
679,27680,STEAM_0:1:552837812,27680,
680,27681,STEAM_0:1:245713882,27681,
681,27682,STEAM_0:1:181352669,27682,
682,27683,STEAM_0:0:439981471,27683,
683,27684,STEAM_0:1:815442463,27684,
684,27685,STEAM_0:0:186165727,27685,
685,27686,STEAM_0:1:159962185,27686,STEAM_0:1:159962185
686,27687,STEAM_0:1:619844928,27687,
687,27688,STEAM_0:0:857333466,27688,
688,27689,STEAM_0:0:517336111,27689,
689,27690,STEAM_0:0:173249405,27690,
690,27691,STEAM_0:0:919808165,27691,
691,27692,STEAM_0:1:105557237,27692,
692,27693,STEAM_0:1:551687721,27693,
693,27694,STEAM_0:0:79902890,27694,
694,27695,STEAM_0:1:4769541,27695,
695,27696,STEAM_0:0:523199958,27696,
696,27697,STEAM_0:0:241930396,27697,
697,27698,STEAM_0:1:181749073,27698,
698,27699,STEAM_0:1:665028046,27699,
699,27700,STEAM_0:0:61751713,27700,
700,27701,STEAM_0:1:795225365,27701,
701,27702,STEAM_0:1:777470451,27702,
702,27703,STEAM_0:1:558535075,27703,
703,27704,STEAM_0:0:170861938,27704,
704,27705,STEAM_0:1:510701047,27705,
705,27706,STEAM_0:0:159143703,27706,
706,27707,STEAM_0:1:551601627,27707,
707,27708,STEAM_0:0:678146233,27708,
708,27709,STEAM_0:0:920030134,27709,
709,27710,STEAM_0:0:544990550,27710,
710,27711,STEAM_0:1:458941314,27711,
711,27712,STEAM_0:0:505167084,27712,
712,27713,STEAM_0:0:721645478,27713,
713,27714,STEAM_0:0:927363498,27714,
714,27715,STEAM_0:1:763998720,27715,
715,27716,STEAM_0:1:765958873,27716,
716,27717,STEAM_0:0:5328861,27717,
717,27718,STEAM_0:1:239112068,27718,
718,27719,STEAM_0:0:86236747,27719,
719,27720,STEAM_0:0:451641676,27720,
720,27721,STEAM_0:1:430290330,27721,
721,27722,STEAM_0:1:922058959,27722,
722,27723,STEAM_0:1:626945590,27723,
723,27724,STEAM_0:1:705856181,27724,
724,27725,STEAM_0:0:134055782,27725,
725,27726,STEAM_0:1:825470061,27726,
726,27727,STEAM_0:0:55917106,27727,
727,27728,STEAM_0:0:646429853,27728,
728,27729,STEAM_0:0:516132623,27729,
729,27730,STEAM_0:0:524157263,27730,
730,27731,STEAM_0:0:846718524,27731,
731,27732,STEAM_0:1:725969874,27732,
732,27733,STEAM_0:1:162016,27733,
733,27734,STEAM_0:1:643142088,27734,
734,27735,STEAM_0:0:774463263,27735,
735,27736,STEAM_0:0:737105100,27736,
736,27737,STEAM_0:0:724414621,27737,
737,27738,STEAM_0:1:775297585,27738,
738,27739,STEAM_0:0:528816568,27739,
739,27740,STEAM_0:1:53863376,27740,
740,27741,STEAM_0:0:763056420,27741,
741,27742,STEAM_0:1:420543289,27742,
742,27743,STEAM_0:0:509465178,27743,
743,27744,STEAM_0:1:521387541,27744,
744,27745,STEAM_0:1:601983857,27745,
745,27746,STEAM_0:0:535609912,27746,
746,27747,STEAM_0:1:442446918,27747,
747,27748,STEAM_0:1:229187487,27748,
748,27749,STEAM_0:1:512656076,27749,
749,27750,STEAM_0:1:704076138,27750,
750,27751,STEAM_0:1:823266714,27751,
751,27752,STEAM_0:0:588128938,27752,
752,27753,STEAM_0:1:177872620,27753,
753,27754,STEAM_0:0:446188879,27754,
754,27755,STEAM_0:0:496884976,27755,
755,27756,STEAM_0:1:677795462,27756,
756,27757,STEAM_0:1:889926899,27757,
757,27758,STEAM_0:0:800953520,27758,
758,27759,STEAM_0:1:803382870,27759,
759,27760,STEAM_0:1:624025423,27760,
760,27761,STEAM_0:1:48139728,27761,
761,27762,STEAM_0:1:454183916,27762,
762,27763,STEAM_0:0:203112232,27763,
763,27764,STEAM_0:0:869546971,27764,
764,27765,STEAM_0:1:50538674,27765,
765,27766,STEAM_0:0:618912947,27766,
766,27767,STEAM_0:0:623963462,27767,
767,27768,STEAM_0:1:425496828,27768,
768,27769,STEAM_0:0:200297164,27769,
769,27770,STEAM_0:0:914413599,27770,
770,27771,STEAM_0:0:538210868,27771,
771,27772,STEAM_0:1:529290884,27772,
772,27773,STEAM_0:1:713915374,27773,
773,27774,STEAM_0:0:419836537,27774,
774,27775,STEAM_0:1:221574352,27775,
775,27776,STEAM_0:0:927265161,27776,
776,27777,STEAM_0:1:569893883,27777,
777,27778,STEAM_0:1:657124189,27778,
778,27779,STEAM_0:1:223312750,27779,
779,27780,STEAM_0:0:541330996,27780,
780,27781,STEAM_0:1:644298374,27781,
781,27782,STEAM_0:0:444511646,27782,
782,27783,STEAM_0:0:743832141,27783,
783,27784,STEAM_0:0:147879040,27784,
784,27785,STEAM_0:1:601763895,27785,
785,27786,STEAM_0:1:744335460,27786,
786,27787,STEAM_0:0:701677574,27787,
787,27788,STEAM_0:0:678027142,27788,
788,27789,STEAM_0:0:565770396,27789,
789,27790,STEAM_0:0:219209658,27790,
790,27791,STEAM_0:0:626200435,27791,
791,27792,STEAM_0:0:822371121,27792,
792,27793,STEAM_0:0:585956739,27793,
793,27794,STEAM_0:0:822935042,27794,
794,27795,STEAM_0:0:450321317,27795,
795,27796,STEAM_0:1:543840867,27796,
796,27797,STEAM_0:1:633015036,27797,
797,27798,STEAM_0:1:859475946,27798,
798,27799,STEAM_0:0:3983099,27799,
799,27800,STEAM_0:1:528119355,27800,
800,27801,STEAM_0:0:821330901,27801,
801,27802,STEAM_0:1:445265634,27802,
802,27803,STEAM_0:1:555551727,27803,
803,27804,STEAM_0:1:451982734,27804,
804,27805,STEAM_0:1:147528620,27805,
805,27806,STEAM_0:0:769688477,27806,
806,27807,STEAM_0:0:864654638,27807,
807,27808,STEAM_0:1:423806008,27808,
808,27809,STEAM_0:0:232242192,27809,
809,27810,STEAM_0:0:44744107,27810,
810,27811,STEAM_0:1:786153667,27811,
811,27812,STEAM_0:1:429666180,27812,
812,27813,STEAM_0:0:606225450,27813,
813,27814,STEAM_0:0:147168230,27814,
814,27815,STEAM_0:0:70667170,27815,
815,27816,STEAM_0:1:542215943,27816,
816,27817,STEAM_0:0:466254560,27817,
817,27818,STEAM_0:0:42581208,27818,
818,27819,STEAM_0:0:797977138,27819,
819,27820,STEAM_0:0:676406105,27820,
820,27821,STEAM_0:0:87403867,27821,
821,27822,STEAM_0:1:691463329,27822,
822,27823,STEAM_0:1:111105504,27823,
823,27824,STEAM_0:0:170170743,27824,
824,27825,STEAM_0:0:703025092,27825,
825,27826,STEAM_0:1:33346945,27826,
826,27827,STEAM_0:0:670114465,27827,
827,27828,STEAM_0:1:776659853,27828,
828,27829,STEAM_0:1:527881499,27829,
829,27830,STEAM_0:0:101998028,27830,
830,27831,STEAM_0:0:689181043,27831,
831,27832,STEAM_0:0:478708913,27832,
832,27833,STEAM_0:0:903694219,27833,
833,27834,STEAM_0:1:763710584,27834,
834,27835,STEAM_0:0:512860645,27835,
835,27836,STEAM_0:0:539446788,27836,
836,27837,STEAM_0:1:95393194,27837,
837,27838,STEAM_0:1:787522459,27838,
838,27839,STEAM_0:0:142900722,27839,
839,27840,STEAM_0:0:75180746,27840,
840,27841,STEAM_0:0:52619388,27841,
841,27842,STEAM_0:0:532316855,27842,
842,27843,STEAM_0:1:442997336,27843,
843,27844,STEAM_0:1:219280592,27844,
844,27845,STEAM_0:0:450053357,27845,
845,27846,STEAM_0:0:3322467,27846,
846,27847,STEAM_0:1:593897940,27847,
847,27848,STEAM_0:0:582912606,27848,
848,27849,STEAM_0:0:822050277,27849,
849,27850,STEAM_0:1:120526943,27850,
850,27851,STEAM_0:1:155732565,27851,
851,27852,STEAM_0:1:757776907,27852,
852,27853,STEAM_0:1:900009944,27853,
853,27854,STEAM_0:0:726241311,27854,
854,27855,STEAM_0:0:451309042,27855,
855,27856,STEAM_0:1:789847639,27856,
856,27857,STEAM_0:1:209147589,27857,
857,27858,STEAM_0:1:837514485,27858,
858,27859,STEAM_0:0:509715487,27859,
859,27860,STEAM_0:0:928149507,27860,
860,27861,STEAM_0:1:791262083,27861,
861,27862,STEAM_0:0:586562541,27862,
862,27863,STEAM_0:0:103677418,27863,
863,27864,STEAM_0:0:467412044,27864,
864,27865,STEAM_0:1:582843237,27865,
865,27866,STEAM_0:1:2545916,27866,
866,27867,STEAM_0:0:237209181,27867,
867,27868,STEAM_0:0:732861995,27868,
868,27869,STEAM_0:1:575358630,27869,
869,27870,STEAM_0:0:518796402,27870,
870,27871,STEAM_0:1:636171967,27871,
871,27872,STEAM_0:0:140577705,27872,
872,27873,STEAM_0:0:766009628,27873,
873,27874,STEAM_0:0:898907362,27874,
874,27875,STEAM_0:1:677596905,27875,
875,27876,STEAM_0:0:169608545,27876,
876,27877,STEAM_0:1:617335470,27877,
877,27878,STEAM_0:0:437052193,27878,
878,27879,STEAM_0:0:623032179,27879,
879,27880,STEAM_0:0:226230591,27880,
880,27881,STEAM_0:1:895568201,27881,
881,27882,STEAM_0:0:786642519,27882,
882,27883,STEAM_0:0:732741271,27883,
883,27884,STEAM_0:1:579841073,27884,
884,27885,STEAM_0:0:232334067,27885,
885,27886,STEAM_0:1:805338327,27886,
886,27887,STEAM_0:0:4796642,27887,
887,27888,STEAM_0:0:506676278,27888,
888,27889,STEAM_0:1:178176971,27889,
889,27890,STEAM_0:0:185698951,27890,
890,27891,STEAM_0:1:834211127,27891,
891,27892,STEAM_0:0:507805325,27892,
892,27893,STEAM_0:0:535536369,27893,
893,27894,STEAM_0:1:188381177,27894,
894,27895,STEAM_0:1:186232130,27895,
895,27896,STEAM_0:0:94383921,27896,
896,27897,STEAM_0:1:689055598,27897,
897,27898,STEAM_0:1:783769361,27898,
898,27899,STEAM_0:1:535091085,27899,
899,27900,STEAM_0:0:55617071,27900,
