,userid
0,14
1,230
2,234
3,264
4,312
5,313
6,378
7,392
8,437
9,504
10,530
11,532
12,634
13,642
14,659
15,666
16,682
17,707
18,768
19,784
20,792
21,834
22,891
23,922
24,956
25,1016
26,1030
27,1079
28,1276
29,1359
30,1370
31,1375
32,1637
33,1660
34,1677
35,1722
36,1851
37,2030
38,2039
39,2087
40,2227
41,2281
42,2285
43,2407
44,2432
45,2492
46,2561
47,2565
48,2683
49,2699
50,2723
51,2893
52,2926
53,2927
54,2939
55,3016
56,3023
57,3049
58,3053
59,3110
60,3122
61,3155
62,3228
63,3244
64,3347
65,3358
66,3389
67,3478
68,3524
69,3529
70,3536
71,3544
72,3550
73,3557
74,3570
75,3586
76,3648
77,3663
78,3675
79,3680
80,3724
81,3736
82,3775
83,3788
84,3867
85,3940
86,3970
87,3992
88,4056
89,4061
90,4130
91,4212
92,4344
93,4382
94,4405
95,4417
96,4442
97,4479
98,4500
99,4519
100,4556
101,4634
102,4661
103,4691
104,4714
105,4717
106,4719
107,4826
108,4829
109,4851
110,4869
111,4872
112,4887
113,4923
114,4975
115,5005
116,5016
117,5019
118,5145
119,5152
120,5342
121,5382
122,5398
123,5424
124,5500
125,5511
126,5520
127,5559
128,5561
129,5606
130,5677
131,5767
132,5775
133,5839
134,5913
135,5916
136,5945
137,5950
138,6035
139,6094
140,6209
141,6319
142,6410
143,6415
144,6441
145,6442
146,6462
147,6502
148,6538
149,6570
150,6641
151,6650
152,6681
153,6683
154,6724
155,6771
156,6828
157,6861
158,7189
159,7216
160,7313
161,7342
162,7375
163,7404
164,7624
165,7687
166,7734
167,7742
168,7960
169,7978
170,8062
171,8109
172,8176
173,8226
174,8235
175,8266
176,8337
177,8366
178,8429
179,8436
180,8483
181,8520
182,8561
183,8629
184,8639
185,8677
186,8840
187,8852
188,8882
189,8951
190,8983
191,8990
192,8995
193,9121
194,9122
195,9142
196,9198
197,9331
198,9393
199,9402
200,9477
201,9596
202,9598
203,9732
204,9757
205,9772
206,9861
207,9883
208,9948
209,10018
210,10109
211,10130
212,10150
213,10278
214,10347
215,10421
216,10476
217,10498
218,10503
219,10600
220,10602
221,10616
222,10652
223,10656
224,10688
225,10712
226,10715
227,10716
228,10729
229,10745
230,10767
231,10848
232,10849
233,10881
234,10918
235,10947
236,10956
237,10963
238,10987
239,11017
240,11041
241,11070
242,11071
243,11320
244,11352
245,11382
246,11430
247,11440
248,11505
249,11534
250,11546
251,11624
252,11664
253,12043
254,12050
255,12066
256,12122
257,12126
258,12132
259,12143
260,12164
261,12175
262,12197
263,12228
264,12241
265,12269
266,12328
267,12376
268,12394
269,12416
270,12487
271,12523
272,12558
273,12587
274,12628
275,12647
276,12652
277,12665
278,12674
279,12743
280,12751
281,12758
282,12773
283,12783
284,12792
285,12885
286,12908
287,12925
288,12942
289,12998
290,13005
291,13031
292,13032
293,13036
294,13040
295,13042
296,13062
297,13067
298,13068
299,13070
300,13073
301,13077
302,13079
303,13121
304,13152
305,13172
306,13174
307,13205
308,13216
309,13256
310,13258
311,13261
312,13268
313,13272
314,13275
315,13311
316,13313
317,13316
318,13340
319,13342
320,13360
321,13361
322,13362
323,13369
324,13372
325,13374
326,13380
327,13381
328,13384
329,13386
330,13409
331,13412
332,13415
333,13417
334,13419
335,13425
336,13429
337,13431
338,13454
339,13464
340,13467
341,13468
342,13479
343,13500
344,13503
345,13505
346,13507
347,13508
348,13513
349,13515
350,13586
351,13587
352,13592
353,13597
354,13602
355,13603
356,13617
357,13644
358,13652
359,13690
360,13698
361,13743
362,13787
363,13788
364,13789
365,13790
366,13791
367,13792
368,13793
369,13794
370,13795
371,13796
372,13798
373,13799
374,13800
375,13801
376,13802
377,13803
378,13804
379,13805
380,13806
381,13807
382,13808
383,13809
384,13810
385,13811
386,13812
387,13813
388,13814
389,13815
390,13816
391,13817
392,13818
393,13819
394,13820
395,13821
396,13822
397,13823
398,13824
399,13825
400,13826
401,13827
402,13828
403,13829
404,13830
405,13831
406,13832
407,13833
408,13834
409,13835
410,13836
411,13837
412,13838
413,13839
414,13840
415,13841
416,13842
417,13843
418,13844
419,13845
420,13846
421,13847
422,13848
423,13849
424,13850
425,13851
426,13852
427,13853
428,13854
429,13855
430,13856
431,13857
432,13858
433,13859
434,13860
435,13861
436,13862
437,13863
438,13864
439,13865
440,13866
441,13867
442,13868
443,13869
444,13870
445,13871
446,13872
447,13873
448,13874
449,13875
450,13876
451,13877
452,13878
453,13879
454,13880
455,13881
456,13882
457,13883
458,13884
459,13885
460,13886
461,13887
462,13888
463,13889
464,13890
465,13891
466,13892
467,13893
468,13894
469,13895
470,13896
471,13897
472,13898
473,13899
474,13900
475,13901
476,13902
477,13903
478,13904
479,13905
480,13906
481,13907
482,13908
483,13909
484,13910
485,13911
486,13912
487,13913
488,13914
489,13915
490,13916
491,13917
492,13918
493,13919
494,13920
495,13921
496,13922
497,13923
498,13924
499,13925
500,13926
501,13927
502,13928
503,13929
504,13930
505,13931
506,13932
507,13933
508,13934
509,13935
510,13936
511,13937
512,13938
513,13939
514,13940
515,13941
516,13942
517,13943
518,13944
519,13945
520,13946
521,13947
522,13948
523,13949
524,13950
525,13951
526,13952
527,13953
528,13954
529,13955
530,13956
531,13957
532,13958
533,13959
534,13960
535,13961
536,13962
537,13963
538,13964
539,13965
540,13966
541,13967
542,13968
543,13969
544,13970
545,13971
546,13972
547,13973
548,13974
549,13975
550,13976
551,13977
552,13978
553,13979
554,13980
555,13981
556,13986
557,14004
558,14013
559,14029
560,14032
561,14060
562,14077
563,14108
564,14125
565,14245
566,14247
567,14255
568,14272
569,14281
570,14295
571,14344
572,14378
573,14379
574,14471
575,14473
576,14479
577,14519
578,14540
579,14585
580,14587
581,14604
582,14607
583,14614
584,14658
585,14676
586,14689
587,14694
588,14696
589,14754
590,14772
591,14926
592,14933
593,15010
594,15019
595,15041
596,15159
597,15173
598,15224
599,15285
600,15311
601,15334
602,15346
603,15347
604,15370
605,15385
606,15428
607,15434
608,15438
609,15442
610,15450
611,15456
612,15479
613,15512
614,15577
615,15639
616,15661
617,15668
618,15669
619,15692
620,15693
621,15714
622,15762
623,15771
624,15787
625,15809
626,15834
627,15856
628,15875
629,15876
630,15877
631,15889
632,15922
633,15995
634,16034
635,16055
636,16101
637,16185
638,16198
639,16228
640,16257
641,16274
642,16325
643,16366
644,16373
645,16462
646,16557
647,16558
648,16649
649,16691
650,16741
651,16771
652,16772
653,16830
654,16865
655,16956
656,16972
657,17006
658,17015
659,17050
660,17141
661,17199
662,17232
663,17249
664,17289
665,17345
666,17364
667,17403
668,17440
669,17520
670,17556
671,17621
672,17632
673,17690
674,17722
675,17878
676,17881
677,17919
678,17934
679,17984
680,17989
681,17990
682,18055
683,18135
684,18136
685,18138
686,18149
687,18151
688,18152
689,18155
690,18156
691,18163
692,18170
693,18174
694,18182
695,18191
696,18193
697,18194
698,18195
699,18196
700,18199
701,18210
702,18211
703,18212
704,18227
705,18228
706,18232
707,18233
708,18248
709,18252
710,18262
711,18266
712,18268
713,18270
714,18271
715,18285
716,18286
717,18297
718,18300
719,18301
720,18303
721,18305
722,18306
723,18321
724,18323
725,18324
726,18325
727,18341
728,18343
729,18344
730,18357
731,18358
732,18361
733,18362
734,18391
735,18393
736,18395
737,18399
738,18416
739,18418
740,18419
741,18420
742,18434
743,18435
744,18437
745,18453
746,18455
747,18456
748,18457
749,18458
750,18461
751,18469
752,18473
753,18475
754,18482
755,18488
756,18490
757,18511
758,18513
759,18514
760,18515
761,18529
762,18534
763,18548
764,18549
765,18551
766,18552
767,18553
768,18567
769,18574
770,18593
771,18607
772,18614
773,18646
774,18718
775,18805
776,18807
777,18821
778,18825
779,18826
780,18833
781,18841
782,18843
783,18846
784,18858
785,18859
786,18860
787,18861
788,18863
789,18864
790,18880
791,18883
792,18890
793,18900
794,18902
795,18903
796,18905
797,18917
798,18920
799,18923
800,18939
801,18942
802,18944
803,18965
804,18966
805,18968
806,18988
807,19003
808,19004
809,19005
810,19006
811,19008
812,19009
813,19010
814,19020
815,19021
816,19022
817,19025
818,19026
819,19045
820,19064
821,19080
822,19081
823,19082
824,19083
825,19100
826,19102
827,19103
828,19104
829,19112
830,19120
831,19122
832,19123
833,19129
834,19137
835,19138
836,19141
837,19158
838,19159
839,19162
840,19176
841,19178
842,19181
843,19182
844,19206
845,19214
846,19219
847,19220
848,19221
849,19223
850,19237
851,19238
852,19240
853,19241
854,19253
855,19256
856,19281
857,19288
858,19300
859,19328
860,19353
861,19357
862,19358
863,19372
864,19378
865,19383
866,19478
867,19511
868,19566
869,19592
870,19663
871,19725
872,19736
873,19760
874,19777
875,19787
876,19887
877,19918
878,19938
879,20000
880,20099
881,20112
882,20126
883,20186
884,20190
885,20211
886,20290
887,20333
888,20364
889,20384
890,20413
891,20420
892,20439
893,20517
894,20566
895,20778
896,20796
897,20803
898,20856
899,20957
900,20964
901,20981
902,20995
903,21006
904,21038
905,21039
906,21060
907,21078
908,21093
909,21134
910,21135
911,21141
912,21170
913,21198
914,21220
915,21231
916,21297
917,21570
918,21575
919,21699
920,21744
921,21787
922,21788
923,21845
924,21863
925,21872
926,21876
927,21886
928,21898
929,21959
930,21987
931,21995
932,21996
933,22043
934,22046
935,22177
936,22236
937,22326
938,22363
939,22389
940,22398
941,22624
942,22645
943,22668
944,22687
945,22689
946,22707
947,22724
948,22821
949,22895
950,22912
951,23044
952,23126
953,23176
954,23246
955,23264
956,23280
957,23377
958,23502
959,23662
960,23665
961,23727
962,23759
963,23787
964,23788
965,23814
966,23821
967,23829
968,23873
969,23902
970,23927
971,23980
972,23993
973,23996
974,24025
975,24076
976,24085
977,24116
978,24184
979,24212
980,24259
981,24303
982,24312
983,24315
984,24342
985,24445
986,24552
987,24577
988,24661
989,24664
990,24689
991,24694
992,24699
993,24703
994,24728
995,24888
996,24927
997,24973
998,24978
999,24979
1000,24980
1001,25018
1002,25103
1003,25107
1004,25108
1005,25112
1006,25146
1007,25149
1008,25162
1009,25198
1010,25214
1011,25216
1012,25218
1013,25219
1014,25227
1015,25233
1016,25244
1017,25326
1018,25329
1019,25356
1020,25358
1021,25362
1022,25391
1023,25392
1024,25413
1025,25414
1026,25460
1027,25472
1028,25473
1029,25476
1030,25493
1031,25498
1032,25499
1033,25507
1034,25511
1035,25514
1036,25517
1037,25524
1038,25553
1039,25556
1040,25560
1041,25566
1042,25569
1043,25586
1044,25593
1045,25618
1046,25625
1047,25647
1048,25668
1049,25679
1050,25684
1051,25760
1052,25764
1053,25790
1054,25812
1055,25860
1056,25938
1057,25959
1058,25975
1059,25977
1060,25996
1061,26021
1062,26050
1063,26063
1064,26100
1065,26132
1066,26136
1067,26163
1068,26196
1069,26209
1070,26211
1071,26222
1072,26256
1073,26332
1074,26356
1075,26360
1076,26416
1077,26453
1078,26560
1079,26561
1080,26602
1081,26716
1082,26718
1083,26719
1084,26721
1085,26722
1086,26723
1087,26724
1088,26726
1089,26727
1090,26729
1091,26731
1092,26762
1093,26773
1094,26775
1095,26776
1096,26777
1097,26779
1098,26780
1099,26892
1100,26916
1101,26940
