,0
1,STEAM_0:0:60711210
2,STEAM_0:0:186431294
3,STEAM_0:0:461138836
4,STEAM_0:1:49055398
5,STEAM_0:0:85396208
6,STEAM_0:0:60711210
7,STEAM_0:0:186431294
8,STEAM_0:0:461138836
9,STEAM_0:1:49055398
10,STEAM_0:0:85396208
11,STEAM_0:0:532164594
12,STEAM_0:0:230530929
13,STEAM_0:0:430604249
14,STEAM_0:0:508251482
15,STEAM_0:1:220212788
16,STEAM_0:1:122465485
17,STEAM_0:0:240958097
18,STEAM_0:1:430518453
19,STEAM_0:1:159523117
20,STEAM_0:1:70149459
21,STEAM_0:1:51835670
22,STEAM_0:1:499520353
23,STEAM_0:1:166731810
24,STEAM_0:1:430584724
25,STEAM_0:0:203991126
26,STEAM_0:0:502712467
27,STEAM_0:1:101177613
28,STEAM_0:0:19980932
29,STEAM_0:1:539874848
30,STEAM_0:1:522167844
31,STEAM_0:1:534160120
32,STEAM_0:0:204511238
33,STEAM_0:0:552893992
34,STEAM_0:0:201777394
35,STEAM_0:1:86944499
36,STEAM_0:0:89011868
37,STEAM_0:0:503746543
38,STEAM_0:0:580838718
39,STEAM_0:1:491550555
40,STEAM_0:1:124786506
41,STEAM_0:1:60255283
42,STEAM_0:0:226331945
43,STEAM_0:0:228802929
44,STEAM_0:1:151031128
45,STEAM_0:1:455893284
46,STEAM_0:1:528821995
47,STEAM_0:0:203590769
48,STEAM_0:0:210676837
49,STEAM_0:0:93509102
50,STEAM_0:0:535132992
51,STEAM_0:0:41896413
52,STEAM_0:0:88612872
53,STEAM_0:1:29607076
54,STEAM_0:1:52703616
55,STEAM_0:0:425619407
56,STEAM_0:1:214351060
57,STEAM_0:1:219382022
58,STEAM_0:1:530242559
59,STEAM_0:1:63119958
60,STEAM_0:1:422611671
61,STEAM_0:1:177766232
62,STEAM_0:1:108007389
63,STEAM_0:0:129091646
64,STEAM_0:1:233074448
65,STEAM_0:0:234705327
66,STEAM_0:1:168208581
67,STEAM_0:0:427579380
68,STEAM_0:1:455792388
69,STEAM_0:1:87564481
70,STEAM_0:0:539187871
71,STEAM_0:1:503043927
72,STEAM_0:1:182544229
73,STEAM_0:0:216320495
74,STEAM_0:0:496064411
75,STEAM_0:1:514506928
76,STEAM_0:0:145827785
77,STEAM_0:0:226638124
78,STEAM_0:1:158651587
79,STEAM_0:1:146661411
80,STEAM_0:1:420125688
81,STEAM_0:1:473778426
82,STEAM_0:1:427943983
83,STEAM_0:1:417623621
84,STEAM_0:0:54854933
85,STEAM_0:1:175260642
86,STEAM_0:1:42973133
87,STEAM_0:1:175882291
88,STEAM_0:0:237959870
89,STEAM_0:0:110284107
90,STEAM_0:0:198843081
91,STEAM_0:0:161298564
92,STEAM_0:1:52992578
93,STEAM_0:0:139078626
94,STEAM_0:1:92622918
95,STEAM_0:0:219357139
96,STEAM_0:0:52955846
97,STEAM_0:0:71062889
98,STEAM_0:0:166023851
99,STEAM_0:1:221604613
100,STEAM_0:1:216671031
101,STEAM_0:1:161207335
102,STEAM_0:1:40121928
103,STEAM_0:1:39617265
104,STEAM_0:1:161532193
105,STEAM_0:1:34071411
106,STEAM_0:1:514634280
107,STEAM_0:1:61657570
108,STEAM_0:1:147786749
109,STEAM_0:0:141245875
110,STEAM_0:1:438080585
111,STEAM_0:1:26097265
112,STEAM_0:0:503133132
113,STEAM_0:1:95263746
114,STEAM_0:0:181328584
115,STEAM_0:1:61416250
116,STEAM_0:1:202855912
117,STEAM_0:0:26780843
118,STEAM_0:1:223727727
119,STEAM_0:0:84974823
120,STEAM_0:1:549499076
121,STEAM_0:0:90227811
122,STEAM_0:1:65840239
123,STEAM_0:1:453685463
124,STEAM_0:0:60711210
125,STEAM_0:0:186431294
126,STEAM_0:0:461138836
127,STEAM_0:1:49055398
128,STEAM_0:0:85396208
129,STEAM_0:0:532164594
130,STEAM_0:0:230530929
131,STEAM_0:0:430604249
132,STEAM_0:0:508251482
133,STEAM_0:1:220212788
134,STEAM_0:1:122465485
135,STEAM_0:0:240958097
136,STEAM_0:1:430518453
137,STEAM_0:1:159523117
138,STEAM_0:1:70149459
139,STEAM_0:1:51835670
140,STEAM_0:1:499520353
141,STEAM_0:1:166731810
142,STEAM_0:1:430584724
143,STEAM_0:0:203991126
144,STEAM_0:0:502712467
145,STEAM_0:1:101177613
146,STEAM_0:0:19980932
147,STEAM_0:1:539874848
148,STEAM_0:1:522167844
149,STEAM_0:1:534160120
150,STEAM_0:0:204511238
151,STEAM_0:0:552893992
152,STEAM_0:0:201777394
153,STEAM_0:1:86944499
154,STEAM_0:0:89011868
155,STEAM_0:0:503746543
156,STEAM_0:0:580838718
157,STEAM_0:1:491550555
158,STEAM_0:1:124786506
159,STEAM_0:1:60255283
160,STEAM_0:0:226331945
161,STEAM_0:0:228802929
162,STEAM_0:1:151031128
163,STEAM_0:1:455893284
164,STEAM_0:1:528821995
165,STEAM_0:0:56794945
166,STEAM_0:0:203590769
167,STEAM_0:0:210676837
168,STEAM_0:0:93509102
169,STEAM_0:0:535132992
170,STEAM_0:0:41896413
171,STEAM_0:0:88612872
172,STEAM_0:1:29607076
173,STEAM_0:1:52703616
174,STEAM_0:0:425619407
175,STEAM_0:1:214351060
176,STEAM_0:1:219382022
177,STEAM_0:1:530242559
178,STEAM_0:1:63119958
179,STEAM_0:1:422611671
180,STEAM_0:1:177766232
181,STEAM_0:1:108007389
182,STEAM_0:0:129091646
183,STEAM_0:1:233074448
184,STEAM_0:0:234705327
185,STEAM_0:1:168208581
186,STEAM_0:0:427579380
187,STEAM_0:1:455792388
188,STEAM_0:1:87564481
189,STEAM_0:0:539187871
190,STEAM_0:1:503043927
191,STEAM_0:1:182544229
192,STEAM_0:0:216320495
193,STEAM_0:0:496064411
194,STEAM_0:1:514506928
195,STEAM_0:0:145827785
196,STEAM_0:0:226638124
197,STEAM_0:1:158651587
198,STEAM_0:1:146661411
199,STEAM_0:1:420125688
200,STEAM_0:1:473778426
201,STEAM_0:1:427943983
202,STEAM_0:1:417623621
203,STEAM_0:0:54854933
204,STEAM_0:1:175260642
205,STEAM_0:1:42973133
206,STEAM_0:1:175882291
207,STEAM_0:0:110284107
208,STEAM_0:0:198843081
209,STEAM_0:0:161298564
210,STEAM_0:1:52992578
211,STEAM_0:0:139078626
212,STEAM_0:1:92622918
213,STEAM_0:0:219357139
214,STEAM_0:0:52955846
215,STEAM_0:0:71062889
216,STEAM_0:0:166023851
217,STEAM_0:1:221604613
218,STEAM_0:1:216671031
219,STEAM_0:1:161207335
220,STEAM_0:1:40121928
221,STEAM_0:1:39617265
222,STEAM_0:1:161532193
223,STEAM_0:1:34071411
224,STEAM_0:1:514634280
225,STEAM_0:1:61657570
226,STEAM_0:1:147786749
227,STEAM_0:0:141245875
228,STEAM_0:1:438080585
229,STEAM_0:1:26097265
230,STEAM_0:0:503133132
231,STEAM_0:1:95263746
232,STEAM_0:0:181328584
233,STEAM_0:1:61416250
234,STEAM_0:1:202855912
235,STEAM_0:0:26780843
236,STEAM_0:1:223727727
237,STEAM_0:0:84974823
238,STEAM_0:1:549499076
239,STEAM_0:0:90227811
240,STEAM_0:1:65840239
241,STEAM_0:1:453685463
242,STEAM_0:1:464377620
243,STEAM_0:0:125046636
244,STEAM_0:1:214031498
245,STEAM_0:1:117423117
246,STEAM_0:1:234116201
247,STEAM_0:1:24779234
248,STEAM_0:1:448538825
249,STEAM_0:0:111774401
250,STEAM_0:1:167665349
251,STEAM_0:0:160953501
252,STEAM_0:1:223663027
253,STEAM_0:0:153566104
254,STEAM_0:1:226999358
255,STEAM_0:0:243911569
256,STEAM_0:1:81999486
257,STEAM_0:0:455983982
258,STEAM_0:1:66545829
259,STEAM_0:1:242611304
260,STEAM_0:0:224432368
261,STEAM_0:1:546097061
262,STEAM_0:1:70098799
263,STEAM_0:0:441866013
264,STEAM_0:1:67270240
265,STEAM_0:1:421289244
266,STEAM_0:1:429392265
267,STEAM_0:1:508054685
268,STEAM_0:0:85116836
269,STEAM_0:0:40206431
270,STEAM_0:1:171303917
271,STEAM_0:0:490502730
272,STEAM_0:0:44746375
273,STEAM_0:1:82852220
274,STEAM_0:0:154030557
275,STEAM_0:1:194746908
276,STEAM_0:1:54090601
277,STEAM_0:0:485392583
278,STEAM_0:1:211428602
279,STEAM_0:1:124338984
280,STEAM_0:0:163068686
281,STEAM_0:0:501415269
282,STEAM_0:0:26111957
283,STEAM_0:1:65444464
284,STEAM_0:1:1874020
285,STEAM_0:1:35996842
286,STEAM_0:0:70187091
287,STEAM_0:0:455816596
288,STEAM_0:1:446471229
289,STEAM_0:0:151455961
290,STEAM_0:0:220150014
291,STEAM_0:0:135870850
292,STEAM_0:0:137958753
293,STEAM_0:0:495488921
294,STEAM_0:0:162113303
295,STEAM_0:0:183895944
296,STEAM_0:0:466937472
297,STEAM_0:1:229175137
298,STEAM_0:1:210965138
299,STEAM_0:1:531325969
300,STEAM_0:0:438633147
301,STEAM_0:0:144069428
302,STEAM_0:0:48769166
303,STEAM_0:0:213499428
304,STEAM_0:0:51552463
305,STEAM_0:1:427172025
306,STEAM_0:0:149993253
307,STEAM_0:1:153868987
308,STEAM_0:0:499720639
309,STEAM_0:0:469906302
310,STEAM_0:0:423731192
311,STEAM_0:1:121250515
312,STEAM_0:0:52304077
313,STEAM_0:0:530499183
314,STEAM_0:1:6005765
315,STEAM_0:0:448265041
316,STEAM_0:1:244399861
317,STEAM_0:1:123429501
318,STEAM_0:0:170603425
319,STEAM_0:1:223574350
320,STEAM_0:0:141867501
321,STEAM_0:0:95058164
322,STEAM_0:0:60021797
323,STEAM_0:1:59968414
324,STEAM_0:0:65078244
325,STEAM_0:0:230755132
326,STEAM_0:0:538056693
327,STEAM_0:0:178042797
328,STEAM_0:1:59810609
329,STEAM_0:1:86995836
330,STEAM_0:1:425817920
331,STEAM_0:1:219607148
332,STEAM_0:1:503975839
333,STEAM_0:1:204704821
334,STEAM_0:1:32281409
335,STEAM_0:1:121507729
336,STEAM_0:0:432626933
337,STEAM_0:0:26285802
338,STEAM_0:1:506508329
339,STEAM_0:0:69980523
340,STEAM_0:1:463020667
341,STEAM_0:0:200159958
342,STEAM_0:0:128054442
343,STEAM_0:0:159783336
344,STEAM_0:0:455840521
345,STEAM_0:0:225108443
346,STEAM_0:1:196992901
347,STEAM_0:1:512571848
348,STEAM_0:0:449776254
349,STEAM_0:1:111834509
350,STEAM_0:1:425930756
351,STEAM_0:0:38762811
352,NaN_230
353,STEAM_0:1:90827770
354,STEAM_0:1:817443
355,STEAM_0:1:70568310
356,STEAM_0:1:479745053
357,STEAM_0:1:47422990
358,STEAM_0:1:224354021
359,STEAM_0:0:86741864
360,STEAM_0:1:539818077
361,STEAM_0:0:221645667
362,STEAM_0:1:74613889
363,STEAM_0:0:40921373
364,STEAM_0:0:166934604
365,STEAM_0:0:242405092
366,STEAM_0:1:459450298
367,STEAM_0:1:231022701
368,STEAM_0:1:63806416
369,STEAM_0:0:141170025
370,STEAM_0:1:506732408
371,STEAM_0:1:237395000
372,STEAM_0:0:538506613
373,STEAM_0:0:171404314
374,STEAM_0:1:229073852
375,STEAM_0:1:58094549
376,STEAM_0:1:79288547
377,STEAM_0:1:117105726
378,STEAM_0:0:144342805
379,STEAM_0:1:152146958
380,STEAM_0:1:118073585
381,STEAM_0:0:98509369
382,STEAM_0:0:26940528
383,STEAM_0:0:79117115
384,STEAM_0:1:116284461
385,STEAM_0:0:199459924
386,STEAM_0:1:241723321
387,STEAM_0:0:539975951
388,STEAM_0:1:147303361
389,STEAM_0:0:98796044
390,STEAM_0:1:434530914
391,STEAM_0:0:106564661
392,STEAM_0:0:99269749
393,STEAM_0:0:446629204
394,STEAM_0:0:215199569
395,STEAM_0:0:145373384
396,STEAM_0:0:525681904
397,STEAM_0:1:171133085
398,STEAM_0:0:502267511
399,STEAM_0:0:208612329
400,STEAM_0:0:225600662
401,STEAM_0:0:443802717
402,STEAM_0:0:221072868
403,STEAM_0:0:121170300
404,STEAM_0:0:52481961
405,STEAM_0:1:439567512
406,STEAM_0:0:527626222
407,STEAM_0:1:58863098
408,STEAM_0:0:34701785
409,STEAM_0:1:49435596
410,STEAM_0:1:79279128
411,STEAM_0:0:71110658
412,STEAM_0:0:475443308
413,STEAM_0:0:90086305
414,STEAM_0:0:211842247
415,STEAM_0:0:78000564
416,STEAM_0:0:515923603
417,STEAM_0:1:420977691
418,STEAM_0:0:59476298
419,STEAM_0:0:509478850
420,STEAM_0:0:233116025
421,STEAM_0:1:99139582
422,STEAM_0:0:70435743
423,STEAM_0:0:426543591
424,STEAM_0:0:55972459
425,STEAM_0:1:506579880
426,STEAM_0:0:167000744
427,STEAM_0:0:151336090
428,STEAM_0:1:532453637
429,STEAM_0:1:62132719
430,STEAM_0:1:20008534
431,STEAM_0:1:73125141
432,STEAM_0:1:526477443
433,STEAM_0:1:94827352
434,STEAM_0:0:214565793
435,STEAM_0:1:125945504
436,STEAM_0:0:201602302
437,STEAM_0:0:535634838
438,STEAM_0:0:229354195
439,STEAM_0:0:517870758
440,STEAM_0:0:162242048
441,STEAM_0:1:73207658
442,STEAM_0:0:426515774
443,STEAM_0:1:423874107
444,STEAM_0:0:231049261
445,STEAM_0:0:163649331
446,STEAM_0:1:93427857
447,STEAM_0:0:146435360
448,STEAM_0:1:205073298
449,STEAM_0:1:205842565
450,STEAM_0:1:103593333
451,STEAM_0:1:532061468
452,STEAM_0:1:187785321
453,STEAM_0:0:144113107
454,STEAM_0:0:507715826
455,STEAM_0:0:495063249
456,STEAM_0:0:235064065
457,STEAM_0:0:63790990
458,STEAM_0:0:243923456
459,STEAM_0:0:43442906
460,STEAM_0:0:71549653
461,STEAM_0:0:40402370
462,STEAM_0:1:27675807
463,STEAM_0:1:45272472
464,STEAM_0:0:70777202
465,STEAM_0:1:206863681
466,STEAM_0:0:78405524
467,STEAM_0:1:163023970
468,STEAM_0:0:199722245
469,STEAM_0:1:533439424
470,STEAM_0:1:53862146
471,STEAM_0:0:86071597
472,STEAM_0:1:156883452
473,STEAM_0:0:80763723
474,STEAM_0:0:235735605
475,STEAM_0:0:429696417
476,STEAM_0:0:44588762
477,STEAM_0:1:213603423
478,STEAM_0:1:85893906
479,STEAM_0:1:454086766
480,STEAM_0:0:495206299
481,STEAM_0:1:514835881
482,STEAM_0:0:72052699
483,STEAM_0:1:20880388
484,STEAM_0:0:190431778
485,STEAM_0:1:32914965
486,STEAM_0:1:190062466
487,STEAM_0:0:155790640
488,STEAM_0:0:55930703
489,STEAM_0:0:91331420
490,STEAM_0:1:536271176
491,STEAM_0:0:427863237
492,STEAM_0:0:522573854
493,STEAM_0:1:220508108
494,STEAM_0:0:34593422
495,STEAM_0:0:73241746
496,STEAM_0:0:40621281
497,STEAM_0:0:549750638
498,STEAM_0:0:76312537
499,STEAM_0:1:523919124
500,STEAM_0:0:501789440
501,STEAM_0:0:158736660
502,STEAM_0:0:207148602
503,STEAM_0:1:514015585
504,STEAM_0:0:544165552
505,STEAM_0:1:211507171
506,STEAM_0:0:191798683
507,STEAM_0:0:556713228
508,STEAM_0:0:212028646
509,STEAM_0:0:164594051
510,STEAM_0:0:56570089
511,STEAM_0:1:246601210
512,STEAM_0:0:512522126
513,STEAM_0:0:140563766
514,STEAM_0:1:516863003
515,STEAM_0:1:534826639
516,STEAM_0:0:233895101
517,STEAM_0:1:163870415
518,STEAM_0:1:521540764
519,STEAM_0:1:95295393
520,STEAM_0:1:522637023
521,STEAM_0:0:460973505
522,STEAM_0:0:484365751
523,STEAM_0:0:78298554
524,STEAM_0:1:463773316
525,STEAM_0:1:110183245
526,STEAM_0:0:38129308
527,STEAM_0:1:81363249
528,STEAM_0:1:180660813
529,STEAM_0:1:190711954
530,STEAM_0:1:89801572
531,STEAM_0:1:535108867
532,STEAM_0:1:231455406
533,STEAM_0:0:218695812
534,STEAM_0:1:34641895
535,STEAM_0:1:150420626
536,STEAM_0:0:206786006
537,STEAM_0:0:74555711
538,STEAM_0:1:482194334
539,STEAM_0:0:522213486
540,STEAM_0:1:107640264
541,STEAM_0:0:172237175
542,STEAM_0:1:88366772
543,STEAM_0:0:439300384
544,STEAM_0:0:220458456
545,STEAM_0:0:25850261
546,STEAM_0:0:90300285
547,STEAM_0:0:232028727
548,STEAM_0:1:522693060
549,STEAM_0:0:138059965
550,STEAM_0:1:67582464
551,STEAM_0:1:39017784
552,STEAM_0:0:224268508
553,STEAM_0:0:186095784
554,STEAM_0:0:121915534
555,STEAM_0:0:451741038
556,STEAM_0:0:206141591
557,STEAM_0:0:513081586
558,STEAM_0:1:178920797
559,STEAM_0:1:54231089
560,STEAM_0:1:211131534
561,STEAM_0:0:536277298
562,STEAM_0:0:239546776
563,STEAM_0:1:158663490
564,STEAM_0:0:238761591
565,STEAM_0:0:123036762
566,STEAM_0:1:454688240
567,STEAM_0:1:522293917
568,STEAM_0:0:180455225
569,STEAM_0:1:214333718
570,STEAM_0:1:68612797
571,STEAM_0:1:476659070
572,STEAM_0:1:127347839
573,STEAM_0:1:47168093
574,STEAM_0:0:37496675
575,STEAM_0:0:90321024
576,STEAM_0:0:519383423
577,STEAM_0:0:113761443
578,STEAM_0:1:509059286
579,STEAM_0:1:530363995
580,STEAM_0:1:90456153
581,STEAM_0:1:216529567
582,STEAM_0:1:527209905
583,STEAM_0:1:423190063
584,STEAM_0:0:217304109
585,STEAM_0:0:455371395
586,STEAM_0:1:40608608
587,STEAM_0:0:466225155
588,STEAM_0:0:61839600
589,STEAM_0:0:89174001
590,STEAM_0:0:445789526
591,STEAM_0:1:524067664
592,STEAM_0:1:66934319
593,STEAM_0:0:447888038
594,STEAM_0:1:517900917
595,STEAM_0:1:33526833
596,STEAM_0:0:231464533
597,STEAM_0:0:168606718
598,STEAM_0:1:452732520
599,STEAM_0:1:33769454
600,STEAM_0:0:94757211
601,STEAM_0:0:186417468
602,STEAM_0:1:150315682
603,STEAM_0:0:234825249
604,STEAM_0:1:219304495
605,STEAM_0:1:157708415
606,STEAM_0:1:169227418
607,STEAM_0:0:86247661
608,STEAM_0:0:501791656
609,STEAM_0:1:440894737
610,STEAM_0:0:222274004
611,STEAM_0:1:177874579
612,STEAM_0:0:180679688
613,STEAM_0:1:224450193
614,STEAM_0:0:223802376
615,STEAM_0:1:151307227
616,STEAM_0:0:509175076
617,STEAM_0:1:204646312
618,STEAM_0:0:556366018
619,STEAM_0:1:68404957
620,STEAM_0:0:465997907
621,STEAM_0:1:122621377
622,STEAM_0:0:159742492
623,STEAM_0:0:126962264
624,STEAM_0:1:504125894
625,STEAM_0:0:49742520
626,STEAM_0:1:157655007
627,STEAM_0:1:66797431
628,STEAM_0:1:439847495
629,STEAM_0:1:436355311
630,STEAM_0:1:24066215
631,STEAM_0:0:539815963
632,STEAM_0:1:459435394
633,STEAM_0:0:421373621
634,STEAM_0:1:237633842
635,STEAM_0:1:166125328
636,STEAM_0:0:179532501
637,STEAM_0:0:157041024
638,STEAM_0:1:183796352
639,STEAM_0:1:435667554
640,STEAM_0:1:47123773
641,STEAM_0:1:52843490
642,STEAM_0:0:190379325
643,STEAM_0:1:82517884
644,STEAM_0:1:508701204
645,STEAM_0:0:216612712
646,STEAM_0:1:484720694
647,STEAM_0:1:459756627
648,STEAM_0:0:511643106
649,STEAM_0:1:51762869
650,STEAM_0:1:194387527
651,STEAM_0:0:156923364
652,STEAM_0:1:92112962
653,STEAM_0:0:453667866
654,STEAM_0:0:557275848
655,STEAM_0:1:176683822
656,STEAM_0:1:441470873
657,STEAM_0:1:185851634
658,STEAM_0:1:44815625
659,STEAM_0:1:522675657
660,STEAM_0:0:535556809
661,STEAM_0:0:38299359
662,STEAM_0:0:548107122
663,STEAM_0:1:440322321
664,STEAM_0:0:200338633
665,STEAM_0:1:170452698
666,STEAM_0:1:58743640
667,STEAM_0:1:105901360
668,STEAM_0:1:508248391
669,STEAM_0:0:188731497
670,STEAM_0:1:34197330
671,STEAM_0:1:234565547
672,STEAM_0:1:56793230
673,STEAM_0:1:508085214
674,STEAM_0:1:536695523
675,STEAM_0:1:202027440
676,STEAM_0:0:207419964
677,STEAM_0:0:169531036
678,STEAM_0:0:511711770
679,STEAM_0:0:437971275
680,STEAM_0:0:187302124
681,STEAM_0:1:421490604
682,STEAM_0:1:121486832
683,STEAM_0:1:518106688
684,STEAM_0:1:236534578
685,STEAM_0:0:169196061
686,STEAM_0:0:83617772
687,STEAM_0:1:502804753
688,STEAM_0:0:445866168
689,STEAM_0:0:170452209
690,STEAM_0:0:164527780
691,STEAM_0:1:96045616
692,STEAM_0:0:206646553
693,STEAM_0:1:441042392
694,STEAM_0:1:556097822
695,STEAM_0:1:40390246
696,STEAM_0:0:239813067
697,STEAM_0:1:215870628
698,STEAM_0:1:190664469
699,STEAM_0:1:44339136
700,STEAM_0:1:49028954
701,STEAM_0:0:41690242
702,STEAM_0:0:153534056
703,STEAM_0:0:210280997
704,STEAM_0:1:186392237
705,STEAM_0:0:136358370
706,STEAM_0:1:47924549
707,STEAM_0:1:206547319
708,STEAM_0:0:545672542
709,STEAM_0:0:195537661
710,STEAM_0:1:56729684
711,STEAM_0:0:212436095
712,STEAM_0:1:180232171
713,STEAM_0:1:506728054
714,STEAM_0:1:463139223
715,STEAM_0:0:511843535
716,STEAM_0:0:57919934
717,STEAM_0:0:203252803
718,STEAM_0:1:527084184
719,STEAM_0:1:46199758
720,STEAM_0:1:24831981
721,STEAM_0:1:437397043
722,STEAM_0:0:33964436
723,STEAM_0:0:169809118
724,STEAM_0:0:511532439
725,STEAM_0:1:89157156
726,STEAM_0:1:487779311
727,STEAM_0:1:458081517
728,STEAM_0:0:145081177
729,STEAM_0:1:242870527
730,STEAM_0:1:556980548
731,STEAM_0:0:125017638
732,STEAM_0:1:79924942
733,STEAM_0:1:75473673
734,STEAM_0:0:194738885
735,STEAM_0:1:201225019
736,STEAM_0:0:72783619
737,STEAM_0:0:244312831
738,STEAM_0:0:174402753
739,STEAM_0:0:201127944
740,STEAM_0:0:214409397
741,STEAM_0:0:56861843
742,STEAM_0:0:146883803
743,STEAM_0:0:38151211
744,STEAM_0:0:436386223
745,STEAM_0:0:519131702
746,STEAM_0:0:155940041
747,STEAM_0:0:71196226
748,STEAM_0:0:145331718
749,STEAM_0:1:72063482
750,STEAM_0:0:193609919
751,STEAM_0:1:508277006
752,STEAM_0:1:199058288
753,STEAM_0:0:164336085
754,STEAM_0:0:201359979
755,STEAM_0:0:210819008
756,STEAM_0:1:186324978
757,STEAM_0:0:520368602
758,STEAM_0:0:172901668
759,STEAM_0:0:168153373
760,STEAM_0:1:76880693
761,STEAM_0:1:530220118
762,STEAM_0:1:443898045
763,STEAM_0:0:423719213
764,STEAM_0:0:33944439
765,STEAM_0:1:216777052
766,STEAM_0:1:550979789
767,STEAM_0:0:548593219
768,STEAM_0:1:50440654
769,STEAM_0:1:51025945
770,STEAM_0:0:436407207
771,STEAM_0:0:202103293
772,STEAM_0:0:230531652
773,STEAM_0:1:511486241
774,STEAM_0:1:40740165
775,STEAM_0:0:160134378
776,STEAM_0:1:181356010
777,STEAM_0:1:503419728
778,STEAM_0:1:118959007
779,STEAM_0:1:378359776
780,STEAM_0:0:151638362
781,STEAM_0:1:456892452
782,STEAM_0:1:51176952
783,STEAM_0:1:204501553
784,STEAM_0:1:520977414
785,STEAM_0:1:157845924
786,STEAM_0:0:522615932
787,STEAM_0:0:82729889
788,STEAM_0:0:443401515
789,STEAM_0:1:125706041
790,STEAM_0:0:245982446
791,STEAM_0:1:206115366
792,STEAM_0:0:525607944
793,STEAM_0:1:178076238
794,STEAM_0:1:99403463
795,STEAM_0:1:83013780
796,STEAM_0:0:73843276
797,STEAM_0:1:117281119
798,STEAM_0:0:440264859
799,STEAM_0:0:64017743
800,STEAM_0:0:513152657
801,STEAM_0:1:66020951
802,STEAM_0:1:427766213
803,STEAM_0:1:431035757
804,STEAM_0:0:139057606
805,STEAM_0:0:55074332
806,STEAM_0:1:165810262
807,STEAM_0:1:172883582
808,STEAM_0:1:465538325
809,STEAM_0:0:554176353
810,STEAM_0:1:547425185
811,STEAM_0:1:223246774
812,STEAM_0:0:526921744
813,STEAM_0:1:518090417
814,STEAM_0:0:69984971
815,STEAM_0:0:208423522
816,STEAM_0:1:445954019
817,STEAM_0:0:428750597
818,STEAM_0:1:519415450
819,STEAM_0:1:507515246
820,STEAM_0:1:545422904
821,STEAM_0:0:208893463
822,STEAM_0:1:167631152
823,STEAM_0:1:30836118
824,STEAM_0:0:142043843
825,STEAM_0:0:182534250
826,STEAM_0:1:534964110
827,STEAM_0:0:58548889
828,STEAM_0:0:210231074
829,STEAM_0:1:107695719
830,STEAM_0:1:125278839
831,STEAM_0:1:153472195
832,STEAM_0:1:514546196
833,STEAM_0:1:451524777
834,STEAM_0:1:174441396
835,STEAM_0:1:225827350
836,STEAM_0:0:528993776
837,STEAM_0:0:84278405
838,STEAM_0:1:476524691
839,STEAM_0:0:556701743
840,STEAM_0:1:108820524
841,STEAM_0:1:75446937
842,STEAM_0:0:76983874
843,STEAM_0:0:168599613
844,STEAM_0:1:94935469
845,STEAM_0:0:519198997
846,STEAM_0:1:105329433
847,STEAM_0:0:161528730
848,STEAM_0:1:234423126
849,STEAM_0:0:424559159
850,STEAM_0:0:601350087
851,STEAM_0:1:519869886
852,STEAM_0:1:556817206
853,STEAM_0:0:68391047
854,STEAM_0:0:557261616
855,STEAM_0:0:67165528
856,STEAM_0:0:68652128
857,STEAM_0:1:507518604
858,STEAM_0:0:430420565
859,STEAM_0:0:234606344
860,STEAM_0:0:40792350
861,STEAM_0:1:241679155
862,STEAM_0:0:56945559
863,STEAM_0:0:37173015
864,STEAM_0:0:183106017
865,STEAM_0:1:522957913
866,STEAM_0:1:522121231
867,STEAM_0:1:209886822
868,STEAM_0:1:246554362
869,STEAM_0:0:123702724
870,STEAM_0:1:126321266
871,STEAM_0:1:186030760
872,STEAM_0:0:167972979
873,STEAM_0:1:165342794
874,STEAM_0:1:440413122
875,STEAM_0:1:547538683
876,STEAM_0:0:234602528
877,STEAM_0:0:102456016
878,STEAM_0:0:497514690
879,STEAM_0:0:88204230
880,STEAM_0:0:239550245
881,STEAM_0:1:38980699
882,STEAM_0:1:129846593
883,STEAM_0:0:213430437
884,STEAM_0:1:213526525
885,STEAM_0:1:74918729
886,STEAM_0:1:198996217
887,STEAM_0:0:246871370
888,STEAM_0:1:498668389
889,STEAM_0:1:225271594
890,STEAM_0:0:557994486
891,STEAM_0:0:232853623
892,STEAM_0:0:515967221
893,STEAM_0:1:558241564
894,STEAM_0:1:197377804
895,STEAM_0:0:230507600
896,STEAM_0:1:444073268
897,STEAM_0:0:60701006
898,STEAM_0:0:46007083
899,STEAM_0:1:436956079
900,STEAM_0:0:217311684
901,STEAM_0:1:510434924
902,STEAM_0:0:56740608
903,STEAM_0:1:418496591
904,STEAM_0:0:75215587
905,STEAM_0:1:535968759
906,STEAM_0:1:462145170
907,STEAM_0:1:230290597
908,STEAM_0:0:427255015
909,STEAM_0:1:183737571
910,STEAM_0:0:70359303
911,STEAM_0:0:444382336
912,STEAM_0:0:533680984
913,STEAM_0:1:550776670
914,STEAM_0:0:71793369
915,STEAM_0:1:126997808
916,STEAM_0:1:436293028
917,STEAM_0:0:84514030
918,STEAM_0:1:212976005
919,STEAM_0:0:95370737
920,STEAM_0:0:215199495
921,STEAM_0:1:205942071
922,STEAM_0:0:93624627
923,STEAM_0:1:219898784
924,STEAM_0:1:77457116
925,STEAM_0:1:483586571
926,STEAM_0:1:246135022
927,STEAM_0:0:442683451
928,STEAM_0:1:432897110
929,STEAM_0:1:534798525
930,STEAM_0:1:12494992
931,STEAM_0:0:98041126
932,STEAM_0:1:227702929
933,STEAM_0:0:174666239
934,STEAM_0:1:71218759
935,STEAM_0:0:51323361
936,STEAM_0:1:515734093
937,STEAM_0:0:91363473
938,STEAM_0:1:81523837
939,STEAM_0:0:541975403
940,STEAM_0:0:428606866
941,STEAM_0:1:81329633
942,STEAM_0:1:245560795
943,STEAM_0:1:441890573
944,STEAM_0:0:440317529
945,STEAM_0:1:555564824
946,STEAM_0:1:428462318
947,STEAM_0:1:444286149
948,STEAM_0:1:122568685
949,STEAM_0:1:533949854
950,STEAM_0:1:190656920
951,STEAM_0:0:101190725
952,STEAM_0:0:181088723
953,STEAM_0:1:39316553
954,STEAM_0:1:539597907
955,STEAM_0:0:448127522
956,STEAM_0:0:502018438
957,STEAM_0:1:212395837
958,STEAM_0:0:555365147
959,STEAM_0:1:150486018
960,STEAM_0:1:68748378
961,STEAM_0:0:40231700
962,STEAM_0:1:225201635
963,STEAM_0:0:119962037
964,STEAM_0:1:452687634
965,STEAM_0:0:193422198
966,STEAM_0:1:41479379
967,STEAM_0:1:550072865
968,STEAM_0:0:213759612
969,STEAM_0:0:40638897
970,STEAM_0:0:504270121
971,STEAM_0:1:229772213
972,STEAM_0:0:442549541
973,STEAM_0:0:18921746
974,STEAM_0:0:16784017
975,STEAM_0:1:188238721
976,STEAM_0:1:52048174
977,STEAM_0:0:170171700
978,STEAM_0:0:197018644
979,STEAM_0:0:88349570
980,STEAM_0:1:511199632
981,STEAM_0:0:203779618
982,STEAM_0:1:49984081
983,STEAM_0:0:522258976
984,STEAM_0:0:48295322
985,STEAM_0:0:442120125
986,STEAM_0:1:102476192
987,STEAM_0:0:108449673
988,STEAM_0:1:105769613
989,STEAM_0:0:28569944
990,STEAM_0:0:114723823
991,STEAM_0:0:512855792
992,STEAM_0:1:98270041
993,STEAM_0:1:127550299
994,STEAM_0:1:511480217
995,STEAM_0:1:89866667
996,STEAM_0:1:540840541
997,STEAM_0:1:540746843
998,STEAM_0:0:220482383
999,STEAM_0:1:49068235
1000,STEAM_0:1:504235211
1001,STEAM_0:0:523111036
1002,STEAM_0:1:59357435
1003,STEAM_0:1:525685366
1004,STEAM_0:0:51036956
1005,STEAM_0:1:449578425
1006,STEAM_0:1:206765790
1007,STEAM_0:1:52538966
1008,STEAM_0:0:79296661
1009,STEAM_0:0:50656786
1010,STEAM_0:1:528130061
1011,STEAM_0:1:198435302
1012,STEAM_0:0:454137425
1013,STEAM_0:0:74542931
1014,STEAM_0:1:73270736
1015,STEAM_0:1:91780620
1016,STEAM_0:1:62287872
1017,STEAM_0:0:8444664
1018,STEAM_0:1:237033258
1019,STEAM_0:1:194230025
1020,STEAM_0:1:394002224
1021,STEAM_0:0:62632219
1022,STEAM_0:0:65108061
1023,STEAM_0:1:427049435
1024,STEAM_0:0:48046396
1025,STEAM_0:0:40418730
1026,STEAM_0:1:226112674
1027,STEAM_0:0:78071963
1028,STEAM_0:0:234217098
1029,STEAM_0:0:455030871
1030,STEAM_0:0:143539094
1031,STEAM_0:0:86060905
1032,STEAM_0:1:129430797
1033,STEAM_0:1:450941603
1034,STEAM_0:1:116087514
1035,STEAM_0:1:239988559
1036,STEAM_0:1:559615200
1037,STEAM_0:1:219229794
1038,STEAM_0:0:160329615
1039,STEAM_0:1:543406673
1040,STEAM_0:1:74476286
1041,STEAM_0:0:559579886
1042,STEAM_0:1:427543759
1043,STEAM_0:0:69447683
1044,STEAM_0:1:551012363
1045,STEAM_0:1:71085567
1046,STEAM_0:1:56362827
1047,STEAM_0:0:127859496
1048,STEAM_0:1:511478201
1049,STEAM_0:1:156419731
1050,STEAM_0:0:208625469
1051,STEAM_0:0:461149033
1052,STEAM_0:0:507875726
1053,STEAM_0:0:427516986
1054,STEAM_0:0:94842735
1055,STEAM_0:1:179910418
1056,STEAM_0:1:233288100
1057,STEAM_0:0:197985595
1058,STEAM_0:1:218700628
1059,STEAM_0:0:141504010
1060,STEAM_0:1:559640482
1061,STEAM_0:1:218919366
1062,STEAM_0:1:210522179
1063,STEAM_0:1:509818129
1064,STEAM_0:1:434735023
1065,STEAM_0:1:433993142
1066,STEAM_0:1:554700740
1067,STEAM_0:1:171766990
1068,STEAM_0:0:214744549
1069,STEAM_0:0:80233468
1070,STEAM_0:0:134676950
1071,STEAM_0:1:519710622
1072,STEAM_0:1:510702256
1073,STEAM_0:1:211200346
1074,STEAM_0:0:181207046
1075,STEAM_0:0:420853601
1076,STEAM_0:1:149577627
1077,STEAM_0:0:226360159
1078,STEAM_0:0:219339664
1079,STEAM_0:1:202326806
1080,STEAM_0:1:108376038
1081,STEAM_0:1:483590311
1082,STEAM_0:0:78065725
1083,STEAM_0:0:67636807
1084,STEAM_0:1:521223344
1085,STEAM_0:1:70021965
1086,STEAM_0:0:429773762
1087,STEAM_0:1:457487991
1088,STEAM_0:1:82505713
1089,STEAM_0:1:241315589
1090,STEAM_0:1:238387702
1091,STEAM_0:1:441298730
1092,STEAM_0:1:161542035
1093,STEAM_0:0:507853047
1094,STEAM_0:1:496813385
1095,STEAM_0:0:226405696
1096,STEAM_0:0:101440744
1097,STEAM_0:0:530500810
1098,STEAM_0:1:550989919
1099,STEAM_0:1:57229305
1100,STEAM_0:0:447420368
1101,STEAM_0:0:150329343
1102,STEAM_0:0:560471728
1103,STEAM_0:0:54740495
1104,STEAM_0:0:560468437
1105,STEAM_0:1:550618243
1106,STEAM_0:1:236376592
1107,STEAM_0:1:521285990
1108,STEAM_0:0:57235282
1109,STEAM_0:1:444445351
1110,STEAM_0:1:240271964
1111,STEAM_0:0:437724343
1112,STEAM_0:0:193754669
1113,STEAM_0:1:231266698
1114,STEAM_0:0:531022064
